first_name,last_name,age,children,email,job_title,home_loan,more_than_one_vehicle,fin_lit_review,savings,invest
Murry,Benfield,27,4,mbenfield0@youtube.com,Senior Financial Analyst,false,false,Never,22273.88,3
Coleman,Saladino,43,1,csaladino1@trellian.com,Physical Therapy Assistant,false,false,Often,22554.66,1
Cinderella,Kermannes,65,3,ckermannes2@webeden.co.uk,Health Coach III,true,false,Monthly,32704.0,2
Wenona,Voss,26,3,wvoss3@storify.com,Quality Control Specialist,true,false,Weekly,37746.47,3
Frayda,Burles,32,1,fburles4@baidu.com,Programmer Analyst III,true,true,Never,15054.9,5
Ealasaid,Dewen,42,0,edewen5@dagondesign.com,Accountant IV,true,false,Often,31842.69,2
Courtenay,Jacqueme,63,2,cjacqueme6@thetimes.co.uk,VP Quality Control,true,true,Seldom,38774.62,2
Clara,Piggen,65,2,cpiggen7@alibaba.com,VP Accounting,true,true,Never,33896.47,1
Dulciana,Janata,29,3,djanata8@wunderground.com,Computer Systems Analyst IV,true,true,Never,23470.38,1
Dionysus,Lambeth,25,1,dlambeth9@woothemes.com,Sales Representative,true,false,Seldom,34308.99,1
Davidde,Lamont,50,1,dlamonta@cdc.gov,Database Administrator IV,true,false,Never,22755.4,3
Ilsa,Woolbrook,46,2,iwoolbrookb@twitter.com,Design Engineer,false,false,Daily,28367.06,1
Riley,Gentry,44,2,rgentryc@printfriendly.com,Administrative Officer,true,false,Monthly,25658.06,2
Casey,Roughan,52,0,croughand@noaa.gov,Staff Accountant IV,false,false,Monthly,29330.39,1
Ragnar,Poletto,60,0,rpolettoe@aboutads.info,Database Administrator I,true,false,Daily,28250.88,4
Ailyn,Biasetti,53,1,abiasettif@gmpg.org,Nurse Practicioner,false,false,Seldom,20328.99,2
Had,Stanlike,49,1,hstanlikeg@theatlantic.com,Research Associate,true,false,Never,29258.01,4
Lisha,Jarratt,36,4,ljarratth@sourceforge.net,Analog Circuit Design manager,true,true,Seldom,29749.77,5
Gaylor,Whittlesey,53,1,gwhittleseyi@devhub.com,GIS Technical Architect,false,false,Never,32974.96,5
Rivy,Callingham,42,2,rcallinghamj@census.gov,Environmental Specialist,false,true,Often,32641.67,5
Brigit,Nisuis,45,0,bnisuisk@dyndns.org,Nurse,false,true,Daily,32311.75,3
Allis,Giacomi,49,1,agiacomil@state.tx.us,Research Associate,true,true,Daily,34255.66,4
Cully,Blundell,30,0,cblundellm@studiopress.com,Compensation Analyst,false,false,Never,23767.14,2
Idalia,Hassan,33,3,ihassann@yelp.com,Geologist I,true,true,Weekly,32938.96,4
Wallis,Base,32,4,wbaseo@seesaa.net,Account Executive,false,false,Weekly,32208.57,5
Cindra,MacGilmartin,41,0,cmacgilmartinp@blogs.com,Technical Writer,false,false,Daily,34518.0,2
Jeane,Dametti,59,2,jdamettiq@feedburner.com,Programmer Analyst III,false,false,Often,37908.11,3
Pren,McGeouch,61,3,pmcgeouchr@jalbum.net,Compensation Analyst,true,false,Never,33930.38,3
Clement,Benediktovich,48,2,cbenediktovichs@vk.com,Health Coach IV,false,true,Weekly,31281.44,3
Rebe,Lavrick,54,3,rlavrickt@meetup.com,Information Systems Manager,true,true,Seldom,32853.41,4
Beauregard,Pennone,63,0,bpennoneu@cornell.edu,Budget/Accounting Analyst I,false,false,Monthly,27222.6,5
Nonah,Pays,47,3,npaysv@npr.org,Payment Adjustment Coordinator,true,false,Never,24781.37,3
Adelbert,Snailham,62,2,asnailhamw@merriam-webster.com,Web Developer III,true,true,Once,35228.37,2
Mary,Lepard,26,2,mlepardx@yahoo.co.jp,Assistant Manager,false,false,Daily,25568.38,1
Kimmi,Hollibone,48,2,kholliboney@nymag.com,VP Accounting,true,false,Once,30999.88,4
Oona,Ambridge,28,1,oambridgez@ehow.com,Food Chemist,true,false,Once,37072.36,4
Trev,Matijasevic,29,2,tmatijasevic10@go.com,Junior Executive,false,false,Yearly,26089.58,4
Evy,Hawkey,59,1,ehawkey11@seattletimes.com,GIS Technical Architect,false,true,Seldom,40400.85,3
Manya,Hubback,39,0,mhubback12@businessweek.com,Associate Professor,true,true,Daily,27829.48,3
Teri,Besantie,40,2,tbesantie13@globo.com,Senior Quality Engineer,false,false,Seldom,28072.55,1
Lurleen,Mico,54,0,lmico14@engadget.com,Financial Analyst,false,true,Weekly,34151.59,4
Jordanna,Shuker,57,2,jshuker15@arizona.edu,Administrative Officer,false,false,Seldom,31083.12,4
Lita,Redsell,52,0,lredsell16@wix.com,Accountant IV,true,true,Daily,28219.06,1
Mack,MacAnellye,39,3,mmacanellye17@admin.ch,Research Nurse,false,true,Seldom,29717.21,1
Ruperta,Eichmann,30,1,reichmann18@nsw.gov.au,Technical Writer,false,true,Daily,30993.3,5
Horatius,Haythorn,65,3,hhaythorn19@bandcamp.com,Actuary,false,true,Monthly,26228.35,3
Marie-ann,Considine,33,0,mconsidine1a@e-recht24.de,Geologist III,true,false,Often,23315.14,4
Candi,Burgis,39,1,cburgis1b@si.edu,Engineer IV,false,true,Often,30364.83,1
Sheela,Pretsell,59,3,spretsell1c@shutterfly.com,Associate Professor,false,true,Seldom,25085.25,1
Gui,Llewhellin,57,3,gllewhellin1d@discovery.com,GIS Technical Architect,true,true,Often,29367.9,3
Dulcie,Coots,32,0,dcoots1e@auda.org.au,Recruiting Manager,false,true,Once,27147.19,5
Leann,Vasilkov,52,4,lvasilkov1f@ehow.com,Human Resources Manager,false,false,Monthly,26968.61,5
Sylvester,Huscroft,34,0,shuscroft1g@is.gd,Biostatistician I,true,false,Weekly,27174.17,2
Cherilynn,Insall,40,2,cinsall1h@last.fm,Design Engineer,true,true,Once,33574.61,1
Horace,Pollard,51,4,hpollard1i@dell.com,Accountant II,false,true,Seldom,19593.72,2
Maryjane,Cusick,45,3,mcusick1j@ft.com,Geologist II,true,true,Yearly,35376.27,5
Corie,Yemm,26,4,cyemm1k@princeton.edu,Executive Secretary,false,false,Never,23057.9,2
Linda,Tyson,32,2,ltyson1l@un.org,Cost Accountant,false,false,Never,26272.63,1
Oralle,Latter,34,3,olatter1m@hubpages.com,Pharmacist,true,true,Yearly,32394.59,2
Bell,Leivers,30,2,bleivers1n@rediff.com,Social Worker,true,true,Seldom,33176.09,2
Curr,Deware,58,1,cdeware1o@yellowbook.com,Administrative Officer,true,false,Yearly,29415.76,3
Sarita,Abdy,42,3,sabdy1p@china.com.cn,Software Test Engineer III,false,true,Weekly,27470.21,5
Carey,Robert,35,2,crobert1q@npr.org,Civil Engineer,true,false,Never,33981.77,2
Aaron,Ogglebie,27,3,aogglebie1r@ebay.com,Senior Cost Accountant,true,false,Monthly,30581.37,3
Khalil,Shambrooke,36,3,kshambrooke1s@bbc.co.uk,Electrical Engineer,false,true,Monthly,32222.56,3
Marjie,Moxsom,39,1,mmoxsom1t@furl.net,Senior Quality Engineer,true,false,Weekly,39766.79,2
Gilligan,Melland,39,2,gmelland1u@flavors.me,Chemical Engineer,true,false,Weekly,30696.8,2
Tallou,Keijser,51,2,tkeijser1v@bing.com,Cost Accountant,true,true,Weekly,41114.65,4
Conney,Ovanesian,64,3,covanesian1w@dagondesign.com,Senior Cost Accountant,false,false,Monthly,25110.23,3
Javier,Camies,50,4,jcamies1x@symantec.com,Software Test Engineer I,false,true,Once,42540.07,5
Perkin,Lismore,29,3,plismore1y@comsenz.com,VP Quality Control,false,false,Never,28541.6,4
Olimpia,Preddy,48,4,opreddy1z@is.gd,Senior Sales Associate,false,false,Once,37640.53,1
Raye,Cliff,59,4,rcliff20@google.co.jp,Occupational Therapist,false,true,Often,29575.9,5
Larine,St Angel,28,0,lstangel21@comsenz.com,Technical Writer,true,true,Often,38122.62,4
Kelley,Dover,63,0,kdover22@spiegel.de,Structural Engineer,false,false,Once,27094.62,4
Noelyn,Molian,58,2,nmolian23@de.vu,Health Coach III,false,false,Seldom,30001.9,3
Edgard,Raulstone,51,3,eraulstone24@flavors.me,Account Executive,true,true,Often,43567.02,2
Cly,Leuty,27,0,cleuty25@java.com,Structural Engineer,true,false,Daily,22812.53,4
Alyse,Barkas,40,2,abarkas26@histats.com,Teacher,true,false,Yearly,30195.25,4
Ginger,MacTerlagh,25,4,gmacterlagh27@apache.org,Quality Engineer,true,true,Monthly,28154.03,2
Pris,Donson,37,0,pdonson28@huffingtonpost.com,Analyst Programmer,true,false,Never,37545.55,5
Kaja,Feldmann,28,3,kfeldmann29@wsj.com,Web Developer III,false,true,Monthly,38187.81,5
Georgetta,Parres,29,3,gparres2a@barnesandnoble.com,Data Coordiator,true,false,Yearly,34068.71,2
Danni,D'Errico,56,1,dderrico2b@example.com,Web Designer I,false,true,Often,31017.72,3
Shermie,Advani,49,0,sadvani2c@paypal.com,Web Developer I,false,true,Once,32908.51,4
Modesty,Margrie,36,3,mmargrie2d@163.com,Associate Professor,true,true,Seldom,27411.65,5
Thorn,Reeves,55,0,treeves2e@wikispaces.com,Cost Accountant,false,true,Monthly,23762.37,2
Romonda,Rawstron,48,0,rrawstron2f@stumbleupon.com,Research Associate,false,false,Weekly,27377.09,2
Phylys,Huitt,29,3,phuitt2g@techcrunch.com,Social Worker,false,false,Once,26466.35,4
Shoshana,Caslett,49,1,scaslett2h@wunderground.com,Senior Quality Engineer,true,false,Monthly,32114.79,5
Dinah,Mico,37,0,dmico2i@reuters.com,Physical Therapy Assistant,true,false,Seldom,30401.2,1
Enrika,Swindley,59,3,eswindley2j@google.com.hk,Editor,true,false,Yearly,25816.06,1
Lilian,Castles,41,4,lcastles2k@forbes.com,Tax Accountant,false,true,Often,25633.16,4
Rosamund,Radage,64,2,rradage2l@cbslocal.com,Professor,false,true,Weekly,21397.3,1
Rockey,Stables,33,1,rstables2m@tamu.edu,GIS Technical Architect,false,false,Weekly,37623.62,4
Herrick,Oehme,27,2,hoehme2n@columbia.edu,Financial Advisor,true,false,Often,29531.99,3
Giulio,Jagg,39,3,gjagg2o@ihg.com,Marketing Assistant,false,false,Weekly,32834.05,2
Louella,Lune,28,3,llune2p@virginia.edu,Actuary,true,true,Seldom,31567.71,3
Elke,Shewen,28,1,eshewen2q@csmonitor.com,Design Engineer,false,true,Once,34567.11,5
Van,Woollacott,42,1,vwoollacott2r@shop-pro.jp,Occupational Therapist,true,true,Monthly,23954.31,2
Dacey,Goodwyn,36,4,dgoodwyn2s@howstuffworks.com,Nuclear Power Engineer,false,false,Once,28991.95,5
Aime,Drinkwater,25,4,adrinkwater2t@google.es,Health Coach IV,true,true,Never,22745.83,2
Elspeth,Maynard,40,1,emaynard2u@over-blog.com,Research Nurse,true,true,Weekly,32066.92,3
Violet,Knowler,50,2,vknowler2v@ezinearticles.com,Marketing Assistant,false,false,Monthly,24748.3,3
Norah,Dutt,40,1,ndutt2w@blogtalkradio.com,Administrative Officer,false,true,Never,28614.81,5
Chaunce,Clayborn,56,0,cclayborn2x@cargocollective.com,Librarian,true,false,Once,19132.77,5
Felecia,Seelbach,30,2,fseelbach2y@mashable.com,Assistant Professor,false,true,Once,32814.76,3
Krystalle,MacFarlane,42,4,kmacfarlane2z@list-manage.com,Marketing Assistant,false,true,Often,30612.28,2
Georgeanne,Lukianov,38,4,glukianov30@reddit.com,Desktop Support Technician,false,true,Yearly,20904.23,4
Celestyn,England,51,1,cengland31@drupal.org,Associate Professor,false,true,Seldom,27666.41,5
Gayleen,Marthen,39,1,gmarthen32@flavors.me,Registered Nurse,true,false,Daily,22124.01,5
Marla,Mackro,41,0,mmackro33@ca.gov,Marketing Manager,false,false,Yearly,30255.06,1
Lonnie,Litherland,53,0,llitherland34@hexun.com,Staff Scientist,false,false,Never,35555.81,2
Merry,Fewster,61,3,mfewster35@fda.gov,VP Sales,false,true,Weekly,32771.54,2
Genvieve,Naish,61,0,gnaish36@aboutads.info,Senior Financial Analyst,false,true,Weekly,23638.96,4
Augusta,Alben,31,0,aalben37@cisco.com,Nurse Practicioner,false,true,Daily,25605.28,2
Cirstoforo,Copeman,59,1,ccopeman38@zimbio.com,VP Sales,false,false,Often,29559.06,1
Linnea,Rudland,41,2,lrudland39@wix.com,Safety Technician III,false,true,Often,29322.21,3
Hunfredo,Allen,37,3,hallen3a@joomla.org,Research Assistant I,false,false,Never,26293.82,2
Mandy,Jessep,36,0,mjessep3b@cargocollective.com,Community Outreach Specialist,false,true,Seldom,39136.12,5
Farris,Shekle,61,3,fshekle3c@yellowpages.com,Chief Design Engineer,true,true,Weekly,29490.3,1
Aaren,Hrihorovich,51,2,ahrihorovich3d@opera.com,Staff Accountant IV,true,false,Seldom,34929.65,5
Shannah,Haselden,33,3,shaselden3e@example.com,Systems Administrator I,true,true,Seldom,40855.38,4
Cathe,Gorbell,27,3,cgorbell3f@hibu.com,Software Engineer I,false,true,Once,30177.04,2
Eveline,Wellfare,27,3,ewellfare3g@fema.gov,VP Marketing,true,false,Once,35692.1,2
Meridel,Crosfeld,60,1,mcrosfeld3h@google.co.uk,Nurse,false,false,Daily,24506.74,5
Fowler,Benam,41,3,fbenam3i@addtoany.com,Project Manager,false,true,Often,30388.44,4
Celina,Shay,28,1,cshay3j@privacy.gov.au,Programmer Analyst II,true,true,Seldom,29903.17,4
Bette,Gorgler,56,4,bgorgler3k@ask.com,Database Administrator I,true,true,Never,25888.94,5
Cordey,Caunce,62,3,ccaunce3l@vk.com,Clinical Specialist,false,false,Seldom,33267.86,2
De,Philippou,56,1,dphilippou3m@unesco.org,Account Representative III,true,false,Seldom,24393.42,1
Sherwood,Sydry,59,2,ssydry3n@scribd.com,Community Outreach Specialist,false,false,Weekly,27903.16,5
Chad,Kalf,51,4,ckalf3o@sitemeter.com,Assistant Manager,true,false,Monthly,25849.69,3
Coraline,Geffen,47,1,cgeffen3p@deviantart.com,Occupational Therapist,true,true,Weekly,23729.1,4
Todd,Duddell,38,0,tduddell3q@ebay.co.uk,Mechanical Systems Engineer,true,true,Yearly,33058.46,1
Berkeley,Preuvost,55,0,bpreuvost3r@bloomberg.com,GIS Technical Architect,false,true,Monthly,30401.21,3
Nerty,Brisse,30,2,nbrisse3s@nhs.uk,Speech Pathologist,false,true,Once,28239.81,4
Petronia,Sowten,32,0,psowten3t@elegantthemes.com,Technical Writer,false,true,Often,25062.96,1
Niel,Munn,27,1,nmunn3u@cornell.edu,Software Engineer III,false,false,Yearly,27692.02,1
Neil,Rembaud,63,1,nrembaud3v@techcrunch.com,Statistician I,false,false,Daily,37497.48,4
Illa,Andover,26,2,iandover3w@icq.com,Media Manager III,false,false,Once,23579.02,2
Aili,Somerfield,50,4,asomerfield3x@shareasale.com,Nurse Practicioner,false,true,Once,31880.52,4
Trudy,Greene,47,2,tgreene3y@rediff.com,Speech Pathologist,true,true,Often,31154.07,3
Angel,Prestidge,41,0,aprestidge3z@businesswire.com,Paralegal,false,false,Often,33690.89,3
Isa,Birdsey,56,2,ibirdsey40@51.la,Paralegal,false,false,Once,25229.18,5
Ruddy,Tilliards,65,3,rtilliards41@miibeian.gov.cn,Registered Nurse,true,false,Seldom,28245.99,5
Ade,Oddy,29,1,aoddy42@amazon.co.uk,Data Coordiator,true,false,Daily,26388.59,2
Marten,Springate,48,1,mspringate43@usnews.com,Operator,true,true,Once,33505.73,5
Gwenore,Colliar,28,4,gcolliar44@trellian.com,Web Developer II,false,true,Monthly,25500.22,5
Marlane,Abbess,35,4,mabbess45@aboutads.info,Engineer IV,false,true,Daily,31997.57,1
Rem,Westley,53,1,rwestley46@forbes.com,Human Resources Assistant IV,true,false,Monthly,36546.21,3
Clarabelle,Minchenton,29,3,cminchenton47@nature.com,Research Associate,false,true,Weekly,28998.69,3
Georgie,Lewnden,62,4,glewnden48@meetup.com,Pharmacist,true,false,Often,32411.78,3
Brunhilde,Smorthit,58,3,bsmorthit49@ow.ly,Environmental Tech,false,true,Daily,31358.42,5
Aaren,Newland,39,4,anewland4a@furl.net,Operator,false,false,Seldom,38434.68,2
Claudette,Del Castello,52,4,cdelcastello4b@shop-pro.jp,Structural Analysis Engineer,false,true,Seldom,35198.39,4
Cris,Cheston,34,3,ccheston4c@merriam-webster.com,Senior Financial Analyst,false,true,Once,30596.06,1
Suzie,Behnecke,61,3,sbehnecke4d@uiuc.edu,Computer Systems Analyst II,false,true,Never,34318.06,4
Florencia,Gantzer,54,1,fgantzer4e@usnews.com,Analog Circuit Design manager,false,true,Once,29669.51,2
Cy,Merriton,50,4,cmerriton4f@elegantthemes.com,Analog Circuit Design manager,false,false,Yearly,27190.26,1
Carver,Duggary,29,3,cduggary4g@cargocollective.com,Business Systems Development Analyst,true,true,Never,24612.08,1
Gavra,Garrettson,30,3,ggarrettson4h@liveinternet.ru,Chemical Engineer,true,true,Often,33454.68,4
Hakeem,Twede,44,4,htwede4i@mozilla.com,Compensation Analyst,false,true,Monthly,31557.66,4
Shana,MacCartair,48,3,smaccartair4j@princeton.edu,Computer Systems Analyst III,true,true,Seldom,37583.62,5
Garrett,Munro,54,1,gmunro4k@fotki.com,Automation Specialist II,false,false,Daily,32377.0,5
Ramona,Donson,57,2,rdonson4l@mac.com,Environmental Tech,true,false,Often,27256.51,1
Ian,Gilstin,40,1,igilstin4m@eventbrite.com,Statistician III,false,false,Yearly,25939.94,3
Kennith,Peetermann,48,0,kpeetermann4n@jiathis.com,Community Outreach Specialist,false,true,Often,28451.95,5
Peta,Bradbeer,25,1,pbradbeer4o@baidu.com,Nurse Practicioner,true,false,Weekly,36863.34,2
Glennis,Houldin,31,3,ghouldin4p@ucsd.edu,Internal Auditor,true,false,Often,32398.31,3
Hans,Boxall,47,3,hboxall4q@pen.io,Sales Representative,false,false,Yearly,31280.2,4
Shurlocke,Crebo,35,2,screbo4r@g.co,Web Developer I,false,false,Weekly,33139.16,5
Israel,Killbey,54,2,ikillbey4s@issuu.com,Recruiting Manager,true,false,Monthly,19795.01,3
Stefania,Buntin,47,1,sbuntin4t@barnesandnoble.com,Geological Engineer,true,false,Never,17823.74,5
Leda,Nazaret,51,1,lnazaret4u@ask.com,VP Quality Control,false,false,Never,27020.97,2
Helen,Prinn,57,2,hprinn4v@hhs.gov,Product Engineer,false,false,Weekly,31253.06,3
Dory,Beevers,51,2,dbeevers4w@tmall.com,Graphic Designer,false,true,Monthly,30749.57,1
Eadie,Yter,32,0,eyter4x@simplemachines.org,Accounting Assistant I,true,true,Never,31229.57,2
Johnette,Cardero,37,3,jcardero4y@biblegateway.com,Biostatistician I,false,true,Monthly,31204.85,4
Lura,Macauley,41,3,lmacauley4z@vk.com,Registered Nurse,false,false,Seldom,25550.21,5
Rayner,Povlsen,40,4,rpovlsen50@mozilla.com,Graphic Designer,true,true,Daily,24146.59,5
Massimiliano,Garz,37,4,mgarz51@columbia.edu,GIS Technical Architect,true,true,Daily,25924.6,1
Lyman,Lakenden,62,4,llakenden52@eepurl.com,Human Resources Manager,false,false,Once,26340.73,5
Guy,Spark,50,2,gspark53@ihg.com,Account Coordinator,true,false,Yearly,28165.01,2
Connie,Korejs,31,1,ckorejs54@shinystat.com,Analog Circuit Design manager,false,true,Weekly,18298.29,4
Marty,MacTeggart,52,0,mmacteggart55@google.com.hk,Financial Advisor,false,true,Often,32760.13,1
Ichabod,Lydall,38,0,ilydall56@jalbum.net,Health Coach I,false,true,Daily,29002.06,2
Wayne,Noye,46,4,wnoye57@nsw.gov.au,Civil Engineer,true,true,Never,33614.43,4
Benedetto,Denecamp,65,2,bdenecamp58@geocities.com,VP Accounting,true,true,Often,25973.28,4
Odette,Carnie,52,2,ocarnie59@microsoft.com,Executive Secretary,false,true,Often,25282.53,2
Emlen,Siflet,52,3,esiflet5a@loc.gov,Research Associate,true,false,Daily,31425.92,5
Sibella,Burthom,37,1,sburthom5b@comsenz.com,Environmental Tech,false,false,Seldom,21761.12,5
Jeffie,Bottomer,60,4,jbottomer5c@newsvine.com,Quality Engineer,true,false,Monthly,32396.52,3
Morganica,Litster,52,1,mlitster5d@pcworld.com,Automation Specialist I,false,false,Often,25029.49,4
Berkeley,Sarl,41,4,bsarl5e@weibo.com,GIS Technical Architect,false,true,Never,26380.42,4
Ofelia,Ross,32,0,oross5f@feedburner.com,Accounting Assistant IV,true,true,Seldom,26195.41,5
Charlotte,Lisimore,55,3,clisimore5g@alibaba.com,Biostatistician II,true,true,Seldom,39522.45,4
Jannelle,Jankovic,26,0,jjankovic5h@mediafire.com,Senior Financial Analyst,false,false,Seldom,35737.88,3
Fredrick,Brise,56,4,fbrise5i@nbcnews.com,Help Desk Operator,false,false,Once,27118.51,4
Alejandro,O'Corhane,47,4,aocorhane5j@amazon.com,Internal Auditor,false,false,Monthly,31814.07,2
Sidnee,Sirmon,36,0,ssirmon5k@networkadvertising.org,Health Coach IV,false,true,Never,29458.51,3
Flory,Petrelluzzi,36,2,fpetrelluzzi5l@army.mil,Food Chemist,false,true,Weekly,30624.33,4
Mitch,Goding,57,3,mgoding5m@noaa.gov,Account Representative IV,false,false,Daily,39787.63,1
Stefanie,Feldman,53,2,sfeldman5n@pinterest.com,Executive Secretary,false,false,Never,32322.28,5
Aurora,Scoffins,45,1,ascoffins5o@nytimes.com,GIS Technical Architect,false,false,Yearly,29288.89,3
Jone,Tukesby,56,1,jtukesby5p@nytimes.com,Assistant Manager,true,true,Monthly,26586.19,1
Frank,Macrae,47,0,fmacrae5q@1und1.de,Account Coordinator,true,true,Often,26957.79,1
Anita,Reagan,61,0,areagan5r@latimes.com,Safety Technician I,true,false,Seldom,25045.78,5
Xerxes,Villa,25,2,xvilla5s@biglobe.ne.jp,Executive Secretary,false,false,Monthly,36763.22,3
Aloysius,Tremblet,38,2,atremblet5t@wiley.com,Cost Accountant,true,false,Often,29778.78,5
Gradeigh,Daish,49,2,gdaish5u@admin.ch,Internal Auditor,false,false,Monthly,36159.9,2
Kelsy,Spong,41,3,kspong5v@mit.edu,Staff Scientist,false,false,Yearly,22673.88,5
Arthur,Hyde-Chambers,39,4,ahydechambers5w@issuu.com,Database Administrator IV,true,false,Monthly,30752.57,3
Ortensia,Ziebart,46,2,oziebart5x@zdnet.com,Engineer IV,false,true,Never,33430.79,4
Sibeal,Wiggall,63,1,swiggall5y@vk.com,Quality Control Specialist,false,false,Once,28885.45,1
Sherline,Francesconi,62,2,sfrancesconi5z@uiuc.edu,Programmer III,false,false,Once,25107.81,5
Mallory,Stapford,54,4,mstapford60@eventbrite.com,Senior Sales Associate,false,true,Often,29849.05,4
Noel,Butcher,57,1,nbutcher61@nymag.com,Financial Analyst,false,false,Seldom,34626.66,2
Bili,Casini,44,1,bcasini62@macromedia.com,Engineer III,true,false,Never,33540.77,1
Bernette,Sincock,53,2,bsincock63@comcast.net,Budget/Accounting Analyst I,false,false,Once,29043.83,2
Mia,Lauxmann,64,1,mlauxmann64@webs.com,Business Systems Development Analyst,false,true,Yearly,33415.91,1
Chery,Wermerling,45,3,cwermerling65@cornell.edu,Clinical Specialist,true,true,Seldom,33118.11,4
Alexine,Handford,45,2,ahandford66@yellowbook.com,Electrical Engineer,false,true,Weekly,34512.93,5
Chen,Cornbell,34,2,ccornbell67@de.vu,Associate Professor,false,false,Weekly,21013.91,4
Vlad,Duggon,54,2,vduggon68@virginia.edu,Budget/Accounting Analyst II,false,false,Never,29129.23,4
Frasquito,McKaile,63,3,fmckaile69@netlog.com,Pharmacist,false,false,Seldom,32825.3,1
Juliane,Reeder,52,3,jreeder6a@hexun.com,Account Coordinator,true,false,Never,23754.95,2
Ericha,Bensen,49,3,ebensen6b@icq.com,Internal Auditor,false,true,Monthly,28454.41,2
Dana,Jakucewicz,45,3,djakucewicz6c@cargocollective.com,Geological Engineer,true,true,Never,31295.71,5
Aldric,Tiernan,33,4,atiernan6d@ow.ly,Nurse Practicioner,false,false,Yearly,42047.64,4
Fancy,Hancke,45,2,fhancke6e@imgur.com,Senior Quality Engineer,true,false,Yearly,25625.47,3
Laureen,Weymouth,30,4,lweymouth6f@altervista.org,Desktop Support Technician,true,true,Yearly,27108.41,2
Con,Wettern,36,3,cwettern6g@yahoo.co.jp,Account Coordinator,false,true,Yearly,30811.24,1
Ezri,Makin,27,0,emakin6h@vistaprint.com,VP Sales,false,false,Often,31279.1,5
Orelia,Dumsday,32,3,odumsday6i@multiply.com,Clinical Specialist,true,false,Weekly,30685.39,5
Jemmie,Lockett,41,1,jlockett6j@jigsy.com,Office Assistant II,false,true,Yearly,24313.97,1
Gwendolen,Volke,38,4,gvolke6k@networksolutions.com,Office Assistant II,false,true,Yearly,32021.48,1
Fawnia,Hourston,41,3,fhourston6l@spotify.com,Tax Accountant,false,false,Seldom,28534.27,5
Lyn,Gotfrey,39,1,lgotfrey6m@google.com.br,Environmental Specialist,false,true,Often,33397.36,3
Hamil,Inkle,26,2,hinkle6n@examiner.com,Dental Hygienist,true,true,Daily,29219.19,1
Ariana,Dobbson,27,3,adobbson6o@privacy.gov.au,Project Manager,false,false,Often,31566.59,5
Reeba,Stallibrass,31,1,rstallibrass6p@constantcontact.com,Administrative Assistant III,true,false,Once,25392.63,2
Joseph,Monelle,32,0,jmonelle6q@prnewswire.com,Account Executive,true,true,Often,24246.83,5
Sonnie,Nolder,42,1,snolder6r@goo.ne.jp,Paralegal,true,false,Once,32891.58,4
Daron,Dayes,59,3,ddayes6s@nih.gov,Project Manager,false,true,Seldom,22704.19,4
Bealle,Elsworth,54,1,belsworth6t@istockphoto.com,Financial Advisor,true,true,Once,28649.87,5
Jocko,McAulay,34,3,jmcaulay6u@jugem.jp,Graphic Designer,true,false,Monthly,19722.42,2
Diana,Bratt,28,3,dbratt6v@google.ru,Media Manager II,true,true,Often,36951.94,4
Demetris,Linster,58,2,dlinster6w@blogtalkradio.com,Staff Accountant III,true,true,Often,26360.96,3
Elvira,Suscens,64,2,esuscens6x@so-net.ne.jp,Computer Systems Analyst III,false,false,Daily,35293.34,1
Konstantine,MacMenamy,27,1,kmacmenamy6y@diigo.com,Legal Assistant,true,false,Yearly,27772.19,2
Dyann,McCarney,46,3,dmccarney6z@dropbox.com,Structural Analysis Engineer,false,false,Often,27295.07,4
Deb,Dewan,38,3,ddewan70@cdc.gov,Social Worker,true,false,Seldom,29177.2,5
Jaimie,Middlemiss,50,3,jmiddlemiss71@upenn.edu,Account Coordinator,false,false,Yearly,32311.13,1
Sax,Elnor,42,3,selnor72@toplist.cz,Environmental Tech,false,false,Monthly,29811.44,1
Andy,Ewings,56,1,aewings73@hibu.com,Marketing Manager,true,true,Daily,24580.6,3
Saleem,Kornel,52,1,skornel74@stumbleupon.com,VP Sales,false,true,Seldom,34565.02,2
Simone,Stennes,43,1,sstennes75@examiner.com,Paralegal,true,false,Weekly,31706.2,2
Thacher,Atwater,25,1,tatwater76@vinaora.com,Software Test Engineer I,false,false,Once,25553.15,1
Alvinia,Warder,43,3,awarder77@live.com,Associate Professor,false,true,Daily,26779.44,1
Lucais,Learoid,57,1,llearoid78@ft.com,Human Resources Assistant II,false,false,Never,30072.66,5
Valeria,Pullar,60,3,vpullar79@seattletimes.com,Librarian,false,true,Often,36609.63,1
Serene,Basilotta,43,0,sbasilotta7a@usgs.gov,Systems Administrator I,false,false,Daily,31228.01,1
Eada,Mehmet,35,0,emehmet7b@miitbeian.gov.cn,Administrative Assistant II,false,false,Often,26755.84,4
Kala,Hearsey,38,0,khearsey7c@merriam-webster.com,Cost Accountant,false,true,Once,23935.95,2
Guthrie,Merington,44,1,gmerington7d@seattletimes.com,Occupational Therapist,true,true,Daily,30754.05,1
Anthe,Stoad,29,4,astoad7e@godaddy.com,Desktop Support Technician,true,false,Seldom,23928.55,3
Tristan,Granleese,52,0,tgranleese7f@prlog.org,Community Outreach Specialist,false,true,Weekly,33845.56,4
Skipton,Timby,25,1,stimby7g@clickbank.net,Administrative Officer,false,false,Weekly,31122.72,3
Jannel,todor,46,3,jtodor7h@dropbox.com,Software Consultant,false,true,Once,32170.66,1
Osgood,Wolfendale,27,2,owolfendale7i@gizmodo.com,Project Manager,false,true,Monthly,31313.28,5
Linn,Phlippi,46,2,lphlippi7j@weibo.com,Speech Pathologist,false,true,Seldom,34471.33,1
Marina,Lansley,49,4,mlansley7k@sakura.ne.jp,Software Test Engineer IV,true,true,Yearly,23172.23,5
Agnese,Groome,48,2,agroome7l@loc.gov,Software Engineer I,true,false,Never,31107.09,4
Nonie,Winnister,37,2,nwinnister7m@state.tx.us,Cost Accountant,true,true,Never,30540.4,4
Kizzee,McDonough,35,4,kmcdonough7n@csmonitor.com,Biostatistician III,true,false,Yearly,27618.18,4
Ethelind,Wessing,36,0,ewessing7o@webs.com,Clinical Specialist,true,true,Weekly,32061.13,5
Gustave,Tzarkov,34,3,gtzarkov7p@europa.eu,Help Desk Operator,true,true,Yearly,27849.58,1
Winne,Kolak,58,0,wkolak7q@sina.com.cn,Cost Accountant,false,false,Often,35979.95,5
Guillema,Lamport,27,0,glamport7r@mac.com,Senior Quality Engineer,true,false,Never,20310.31,5
Rodolphe,Dregan,42,2,rdregan7s@gmpg.org,Media Manager III,false,true,Yearly,38503.38,1
Cori,Abrashkin,40,1,cabrashkin7t@amazonaws.com,Developer II,false,false,Seldom,21036.79,3
Susie,Sparway,42,1,ssparway7u@tmall.com,Accountant I,false,true,Monthly,31450.4,4
Twyla,Euels,59,4,teuels7v@canalblog.com,Tax Accountant,false,true,Never,26077.34,5
Jeth,Vaneev,46,1,jvaneev7w@ezinearticles.com,Software Engineer II,true,true,Yearly,35348.44,2
Torey,Bodker,33,0,tbodker7x@flickr.com,Systems Administrator IV,false,false,Never,37659.04,3
Evelyn,Di Biasio,26,2,edibiasio7y@va.gov,Senior Editor,false,true,Seldom,33499.55,1
Karlik,Pentercost,47,2,kpentercost7z@tmall.com,Help Desk Technician,false,true,Monthly,25795.5,4
Reube,Greiswood,27,4,rgreiswood80@java.com,Marketing Assistant,false,false,Yearly,32165.09,4
Biddie,Batrick,27,0,bbatrick81@ovh.net,Legal Assistant,false,true,Yearly,36215.73,2
Tabina,Kelsell,51,2,tkelsell82@blogs.com,Director of Sales,true,false,Once,34902.51,5
Kipp,Abells,35,2,kabells83@eepurl.com,Associate Professor,false,false,Weekly,41173.02,5
Eleonore,Peck,26,0,epeck84@mozilla.org,Legal Assistant,true,false,Often,30460.59,5
Jilly,Falkner,63,4,jfalkner85@vimeo.com,Food Chemist,false,true,Never,27120.62,2
Gabby,Adamolli,33,2,gadamolli86@narod.ru,Research Assistant I,false,true,Once,33470.46,3
Boone,Tretwell,26,3,btretwell87@craigslist.org,Media Manager III,true,false,Seldom,34947.6,3
Brandais,Richley,28,4,brichley88@fastcompany.com,Physical Therapy Assistant,false,false,Monthly,28188.3,5
Bartolemo,Ree,46,3,bree89@telegraph.co.uk,Quality Engineer,false,false,Often,28435.73,3
Arabella,MacShane,27,4,amacshane8a@qq.com,Automation Specialist IV,false,false,Weekly,30191.38,1
Vivia,Bever,62,4,vbever8b@yellowpages.com,Safety Technician III,true,true,Weekly,30411.19,5
Nana,Wann,47,0,nwann8c@quantcast.com,Biostatistician III,false,true,Monthly,27858.81,5
Glynn,Vannah,52,3,gvannah8d@hhs.gov,Senior Financial Analyst,false,true,Daily,21303.72,3
Willyt,Dooman,55,2,wdooman8e@homestead.com,Information Systems Manager,true,false,Once,31816.05,4
Shelton,Sprason,59,4,ssprason8f@noaa.gov,Social Worker,false,true,Daily,37094.51,3
Hattie,Bener,29,1,hbener8g@omniture.com,General Manager,true,true,Often,27121.75,4
Monika,Wisby,32,3,mwisby8h@imgur.com,Financial Analyst,false,false,Never,28956.08,3
Vaughn,Dale,63,1,vdale8i@marriott.com,Staff Scientist,true,false,Seldom,28015.59,2
Nilson,Lavallin,26,2,nlavallin8j@amazon.co.uk,Safety Technician I,true,false,Monthly,26889.5,5
Consuela,Brewitt,34,1,cbrewitt8k@studiopress.com,Human Resources Manager,true,true,Daily,26051.1,1
Keven,Sweet,35,4,ksweet8l@amazon.co.uk,Dental Hygienist,false,false,Weekly,30459.5,5
Orin,Pattemore,43,0,opattemore8m@wikipedia.org,Marketing Manager,false,false,Never,33969.56,5
Liv,Warn,36,0,lwarn8n@mapquest.com,Registered Nurse,true,true,Seldom,26971.68,1
Holmes,Fishpool,58,0,hfishpool8o@vkontakte.ru,Safety Technician III,true,true,Weekly,35159.03,1
Dick,Henken,35,0,dhenken8p@princeton.edu,Compensation Analyst,false,false,Weekly,38503.42,4
Thia,Dowe,55,3,tdowe8q@miibeian.gov.cn,Operator,true,true,Never,31279.93,5
Lorine,Durrett,51,3,ldurrett8r@instagram.com,Project Manager,false,false,Never,17198.41,4
Bernarr,Impey,27,4,bimpey8s@moonfruit.com,Legal Assistant,false,true,Yearly,30465.4,3
Pavlov,Tedder,62,3,ptedder8t@wikimedia.org,Librarian,false,true,Once,31841.32,1
Goddart,Woodhall,53,1,gwoodhall8u@deviantart.com,Operator,false,false,Never,30381.25,2
Rourke,Woodbridge,28,1,rwoodbridge8v@nba.com,Information Systems Manager,true,false,Seldom,28489.75,4
Bay,Lightowlers,31,2,blightowlers8w@indiegogo.com,Database Administrator III,false,false,Weekly,30158.91,1
Janeva,Hunting,27,2,jhunting8x@sohu.com,Systems Administrator III,true,true,Monthly,25933.85,2
Moselle,Armand,30,3,marmand8y@gov.uk,VP Marketing,true,false,Often,33503.14,4
Sosanna,Bennington,47,2,sbennington8z@state.tx.us,Business Systems Development Analyst,false,false,Seldom,32235.63,4
Arman,Toone,56,1,atoone90@unc.edu,Registered Nurse,false,true,Seldom,28076.32,2
Dede,Cambden,63,4,dcambden91@liveinternet.ru,Information Systems Manager,true,true,Often,27040.93,5
Dulcinea,Taffarello,49,4,dtaffarello92@creativecommons.org,Sales Representative,true,false,Once,29460.6,2
Constance,Bernardino,42,2,cbernardino93@businessweek.com,Clinical Specialist,false,false,Never,27096.91,2
Maurene,Merritt,31,4,mmerritt94@ibm.com,Speech Pathologist,false,false,Seldom,23531.44,3
Thurstan,Petkov,29,1,tpetkov95@dion.ne.jp,Media Manager II,true,false,Often,31458.76,2
Gaby,Tiesman,46,4,gtiesman96@reverbnation.com,Help Desk Operator,true,false,Seldom,32209.95,4
Matthaeus,Danshin,47,4,mdanshin97@wikispaces.com,Software Test Engineer II,true,false,Once,39725.33,1
Leicester,Sollars,42,0,lsollars98@hexun.com,Internal Auditor,true,true,Monthly,34621.16,5
Melvin,Seers,42,4,mseers99@intel.com,Registered Nurse,false,false,Yearly,32773.44,5
Shay,Messier,26,4,smessier9a@sbwire.com,General Manager,true,true,Weekly,31686.78,5
Claribel,Dartan,27,3,cdartan9b@google.es,Cost Accountant,true,true,Seldom,21100.33,1
Arabela,Elwill,54,4,aelwill9c@thetimes.co.uk,Help Desk Operator,false,true,Weekly,31805.39,3
Moina,Willmetts,65,2,mwillmetts9d@ucla.edu,Structural Engineer,true,true,Once,30636.71,1
Magnum,Sissel,37,1,msissel9e@github.com,Graphic Designer,true,true,Once,32715.51,5
Herta,Cooney,42,4,hcooney9f@tumblr.com,Marketing Manager,true,false,Often,27858.72,5
Daveen,Blakeley,29,4,dblakeley9g@google.com.hk,Graphic Designer,true,true,Monthly,32232.38,3
Laural,Barnaclough,50,0,lbarnaclough9h@uol.com.br,Social Worker,true,true,Seldom,31006.08,4
Barnabas,Musla,42,1,bmusla9i@studiopress.com,Nurse,false,false,Once,25229.89,1
Reg,Wykes,43,1,rwykes9j@fastcompany.com,Software Consultant,true,false,Never,33524.97,4
Charo,Else,62,1,celse9k@biglobe.ne.jp,Software Consultant,true,true,Weekly,30302.34,3
Kathlin,Dantesia,49,3,kdantesia9l@google.co.jp,Nurse Practicioner,true,true,Daily,33267.63,1
Rhona,Zanuciolii,53,4,rzanuciolii9m@army.mil,Graphic Designer,true,false,Often,32937.77,1
Angelle,Jaggli,64,1,ajaggli9n@wsj.com,Human Resources Assistant II,false,true,Seldom,30035.48,2
Hamlen,Griffe,47,3,hgriffe9o@last.fm,Senior Financial Analyst,false,false,Monthly,31008.57,1
Enriqueta,Axelbee,64,2,eaxelbee9p@ihg.com,Staff Accountant II,true,true,Daily,30285.75,2
Xylina,Chesley,55,0,xchesley9q@stumbleupon.com,Account Coordinator,false,false,Monthly,29581.14,1
Dorise,Mousby,34,2,dmousby9r@ftc.gov,VP Quality Control,true,true,Once,26662.02,2
Tiebold,Goosnell,33,1,tgoosnell9s@devhub.com,Professor,true,false,Never,30116.28,1
Arvin,Gebhard,27,2,agebhard9t@webmd.com,Director of Sales,false,true,Often,35772.25,3
Cyrillus,Simonds,51,4,csimonds9u@devhub.com,VP Sales,true,true,Seldom,24933.06,2
Loralie,Adney,28,4,ladney9v@msu.edu,Payment Adjustment Coordinator,true,false,Once,30573.48,3
Doralin,Veldens,55,4,dveldens9w@who.int,Information Systems Manager,false,true,Seldom,33687.69,1
Noah,Sothern,42,0,nsothern9x@de.vu,Software Engineer I,false,false,Yearly,26982.57,4
Tan,Wastall,65,1,twastall9y@mediafire.com,Operator,true,false,Yearly,27512.35,2
Chrisse,Vile,26,4,cvile9z@thetimes.co.uk,Pharmacist,false,false,Never,27661.08,4
Leontyne,Dugood,31,3,ldugooda0@example.com,Web Designer II,false,false,Daily,24953.58,3
Leann,Gindghill,54,4,lgindghilla1@myspace.com,Web Designer III,true,false,Often,21725.84,1
Nikoletta,Vernham,59,4,nvernhama2@nps.gov,Junior Executive,true,true,Never,25027.81,3
Gabby,Galer,30,3,ggalera3@fotki.com,Professor,false,true,Seldom,37728.01,1
Bibi,Defraine,55,2,bdefrainea4@google.co.uk,Accountant IV,false,false,Never,31992.65,4
Una,Lints,34,3,ulintsa5@wired.com,Social Worker,false,true,Yearly,31545.65,1
Giacobo,Rasch,38,0,grascha6@myspace.com,Desktop Support Technician,true,false,Weekly,23369.36,1
Janifer,Dawks,41,3,jdawksa7@last.fm,Administrative Assistant II,false,false,Often,30920.76,5
Rik,Kernell,60,0,rkernella8@va.gov,Assistant Manager,false,true,Weekly,30070.41,1
Cos,Chansonne,64,4,cchansonnea9@i2i.jp,Administrative Assistant IV,false,true,Daily,30187.15,3
Pamelina,Knevett,45,0,pknevettaa@123-reg.co.uk,Recruiter,true,false,Never,29721.64,3
Berkie,Swadlen,65,3,bswadlenab@1688.com,Product Engineer,true,true,Monthly,27997.1,2
Bing,Hovell,47,0,bhovellac@amazonaws.com,Administrative Officer,false,true,Weekly,26375.56,5
Nye,Jurewicz,59,4,njurewiczad@networksolutions.com,Financial Analyst,false,true,Seldom,30392.9,1
Tabina,de Clerk,49,1,tdeclerkae@howstuffworks.com,Electrical Engineer,false,true,Daily,32223.46,2
Elliot,O'Shevlin,53,2,eoshevlinaf@pbs.org,Budget/Accounting Analyst III,true,false,Daily,28976.53,5
Geneva,Urey,26,1,gureyag@fda.gov,Assistant Media Planner,false,true,Never,21186.21,1
Gustave,Van Driel,30,0,gvandrielah@bloomberg.com,General Manager,false,false,Yearly,28389.74,5
Martha,Dagg,32,1,mdaggai@discuz.net,Administrative Officer,true,true,Weekly,30186.9,3
Jerad,Keppie,50,0,jkeppieaj@phoca.cz,Nuclear Power Engineer,false,true,Often,32136.08,3
Celinka,Mintoff,35,2,cmintoffak@bizjournals.com,Nurse Practicioner,false,true,Often,31395.43,1
Ed,Bentsen,52,2,ebentsenal@weather.com,Physical Therapy Assistant,true,false,Weekly,27784.95,1
Winifred,Sessions,44,4,wsessionsam@businesswire.com,Chemical Engineer,true,true,Weekly,26119.68,2
Maris,Marrett,42,3,mmarrettan@comsenz.com,Budget/Accounting Analyst III,false,false,Weekly,24905.39,3
Marylinda,Blunsen,64,3,mblunsenao@ihg.com,Professor,false,true,Monthly,33038.21,5
Garey,Jerson,34,1,gjersonap@wired.com,Civil Engineer,true,true,Often,24743.46,1
Annmarie,Dykins,35,2,adykinsaq@ameblo.jp,Data Coordiator,false,false,Often,34812.62,3
Melvin,Splevin,50,0,msplevinar@reverbnation.com,Human Resources Assistant II,false,false,Yearly,29798.65,5
Martainn,Moorwood,57,2,mmoorwoodas@paypal.com,Social Worker,true,true,Seldom,37659.07,2
Jemie,Laterza,43,4,jlaterzaat@archive.org,Design Engineer,false,true,Daily,39817.93,3
Caralie,Thurgood,52,4,cthurgoodau@issuu.com,Developer III,false,true,Yearly,29442.64,4
Horten,Turmall,61,4,hturmallav@unesco.org,Electrical Engineer,true,true,Once,35407.51,4
Georgie,Testo,49,1,gtestoaw@yelp.com,Developer IV,false,true,Yearly,31949.79,1
Lethia,Bracco,42,3,lbraccoax@mysql.com,Recruiting Manager,true,true,Daily,38357.65,1
Bernarr,Smittoune,45,2,bsmittouneay@devhub.com,Assistant Manager,false,false,Yearly,29240.83,2
Alaine,Verdun,54,3,averdunaz@de.vu,Office Assistant III,true,true,Once,36164.46,1
Friedrick,Talby,38,4,ftalbyb0@loc.gov,Payment Adjustment Coordinator,false,true,Yearly,34063.38,4
Karla,Gobolos,37,2,kgobolosb1@youtu.be,Health Coach II,false,true,Often,24398.4,2
Appolonia,Sibylla,64,3,asibyllab2@gov.uk,Technical Writer,true,true,Never,30376.08,2
Nealy,Spur,64,4,nspurb3@sfgate.com,Geological Engineer,true,false,Seldom,25708.65,2
Francisco,Stoad,40,3,fstoadb4@jiathis.com,Recruiting Manager,false,false,Yearly,32811.42,2
Kathryne,Mattaser,39,2,kmattaserb5@csmonitor.com,Actuary,false,false,Never,23624.22,5
Nick,Eddis,58,1,neddisb6@ucoz.com,Research Assistant III,true,true,Weekly,31971.69,5
Dexter,Ubsdell,43,2,dubsdellb7@usgs.gov,General Manager,true,false,Yearly,31448.78,1
Tricia,Poure,25,0,tpoureb8@squarespace.com,Mechanical Systems Engineer,true,true,Daily,29219.72,2
Hermina,MacKey,56,4,hmackeyb9@house.gov,Computer Systems Analyst II,true,true,Once,30123.8,3
Jacintha,Ainger,49,1,jaingerba@adobe.com,Desktop Support Technician,false,true,Often,29613.5,5
Pauly,Wantling,43,4,pwantlingbb@netlog.com,VP Sales,false,true,Often,27527.24,4
Jeanna,Parton,59,1,jpartonbc@infoseek.co.jp,Research Associate,true,false,Seldom,29912.11,2
Jenna,Feehery,57,1,jfeeherybd@dell.com,Marketing Manager,true,true,Daily,32171.73,2
Deane,Iles,48,1,dilesbe@patch.com,Engineer II,true,true,Often,26711.29,4
Lorraine,Vannah,54,3,lvannahbf@wunderground.com,Associate Professor,false,false,Weekly,33355.92,2
Kynthia,Cholonin,33,1,kcholoninbg@archive.org,Geological Engineer,true,true,Often,24359.42,4
Johan,Mercey,48,2,jmerceybh@rakuten.co.jp,Structural Engineer,false,false,Seldom,31563.17,3
Harvey,Wynch,49,2,hwynchbi@storify.com,Director of Sales,true,false,Monthly,18243.58,3
Fabio,Outlaw,43,4,foutlawbj@themeforest.net,Account Representative III,true,false,Never,38233.56,2
Meade,Menier,29,3,mmenierbk@nymag.com,Quality Engineer,true,true,Never,32161.16,4
Nadiya,Britton,31,0,nbrittonbl@ycombinator.com,Director of Sales,true,true,Daily,31467.72,5
Gardner,Taunton.,53,4,gtauntonbm@amazon.com,Physical Therapy Assistant,false,false,Weekly,32279.68,4
Nadya,Vickerman,35,1,nvickermanbn@reuters.com,Research Nurse,false,false,Weekly,33908.54,3
Welbie,Kiwitz,51,1,wkiwitzbo@friendfeed.com,Biostatistician I,false,true,Once,17439.67,4
Miguela,Groneway,65,4,mgronewaybp@wikispaces.com,Web Developer I,true,true,Often,31445.09,4
Geoffry,Dilger,53,4,gdilgerbq@example.com,Financial Analyst,true,false,Daily,21713.7,5
Georgiana,Von Oertzen,38,2,gvonoertzenbr@quantcast.com,Structural Engineer,true,false,Never,24291.67,2
Avril,Bavidge,31,2,abavidgebs@nymag.com,Safety Technician IV,true,true,Never,27376.98,2
Millard,Rounsefull,40,0,mrounsefullbt@zimbio.com,Senior Editor,false,false,Weekly,36713.97,3
Travis,Amthor,47,1,tamthorbu@over-blog.com,Quality Control Specialist,false,false,Once,29052.73,3
Annmarie,Zamorano,62,0,azamoranobv@istockphoto.com,Associate Professor,false,false,Daily,33223.63,1
Bernadene,Ritmeier,32,4,britmeierbw@meetup.com,Social Worker,true,false,Weekly,25236.44,3
Kimmy,Hearon,55,2,khearonbx@china.com.cn,Internal Auditor,true,false,Often,28637.8,3
Shirleen,Matt,34,2,smattby@psu.edu,Human Resources Manager,false,false,Monthly,32351.1,4
Ianthe,Woodwin,63,2,iwoodwinbz@altervista.org,Sales Associate,false,false,Never,36833.9,4
Jada,Vankin,62,4,jvankinc0@omniture.com,Accountant III,true,true,Yearly,29872.81,1
Roxanne,Parry,58,0,rparryc1@w3.org,General Manager,true,true,Never,29010.28,5
Berkley,Tordiffe,35,0,btordiffec2@merriam-webster.com,Occupational Therapist,false,true,Yearly,19021.12,1
Maurits,Crayk,36,3,mcraykc3@wp.com,Technical Writer,false,true,Never,26511.55,2
Aldridge,Trathan,27,1,atrathanc4@theglobeandmail.com,Sales Representative,true,true,Weekly,32195.0,3
Marten,Riach,58,0,mriachc5@cpanel.net,Administrative Assistant I,false,false,Once,22756.51,1
Lorenza,Trinbey,32,4,ltrinbeyc6@theguardian.com,Associate Professor,false,false,Seldom,35893.86,3
Frank,Grzes,59,0,fgrzesc7@flavors.me,Graphic Designer,true,false,Monthly,24375.03,3
Karoly,Powter,29,1,kpowterc8@cbc.ca,Clinical Specialist,false,true,Often,30148.94,4
Daria,Becraft,44,3,dbecraftc9@meetup.com,Chemical Engineer,false,true,Weekly,34679.01,5
Jewel,Hoofe,27,1,jhoofeca@hp.com,VP Accounting,true,true,Weekly,28417.55,5
Isidora,Klug,60,1,iklugcb@timesonline.co.uk,Human Resources Assistant II,true,true,Once,30674.83,1
Arvy,Curry,53,4,acurrycc@dagondesign.com,Civil Engineer,false,false,Yearly,26860.69,5
Leanor,Pidgeley,26,0,lpidgeleycd@de.vu,Junior Executive,false,false,Daily,29381.91,4
Hillier,Ranald,38,0,hranaldce@nationalgeographic.com,Help Desk Operator,true,true,Daily,25465.36,4
Lilas,Simanenko,46,3,lsimanenkocf@psu.edu,Research Associate,true,false,Weekly,22755.11,1
Perl,Yelland,27,3,pyellandcg@berkeley.edu,Software Engineer II,false,false,Weekly,16808.13,5
Quill,Twizell,26,3,qtwizellch@ox.ac.uk,Marketing Manager,false,false,Once,28697.16,4
Giustina,Quade,26,0,gquadeci@businessweek.com,Human Resources Assistant IV,false,false,Never,35947.69,3
Samaria,Toffolo,31,3,stoffolocj@hp.com,Registered Nurse,false,false,Often,30015.14,2
Kyla,Smickle,48,4,ksmickleck@wikimedia.org,Sales Representative,false,true,Weekly,36735.78,1
Moyra,Klasen,60,1,mklasencl@ow.ly,Internal Auditor,false,true,Weekly,33177.15,3
Catha,Lippett,28,1,clippettcm@php.net,Accountant IV,false,true,Once,20074.95,1
Daron,Cundy,25,2,dcundycn@blogger.com,Graphic Designer,true,false,Yearly,20727.38,2
Sissy,Patters,34,0,spattersco@posterous.com,Executive Secretary,false,true,Once,28017.34,2
Pauly,Patty,36,2,ppattycp@youtu.be,Chemical Engineer,true,true,Never,25354.64,4
Christian,Serjeant,65,3,cserjeantcq@hibu.com,Developer III,false,true,Yearly,31580.28,3
Alexio,Rodbourne,35,2,arodbournecr@harvard.edu,Engineer IV,false,true,Often,33164.74,4
Natty,Leaton,45,0,nleatoncs@uiuc.edu,Physical Therapy Assistant,true,false,Daily,24462.63,3
Symon,Waldock,43,3,swaldockct@yellowpages.com,Social Worker,true,true,Often,30866.57,3
Selby,Gadault,47,4,sgadaultcu@delicious.com,Safety Technician IV,true,true,Yearly,32626.21,1
Cristi,Matushenko,36,2,cmatushenkocv@a8.net,Clinical Specialist,true,false,Never,42078.37,4
Benji,Cathie,52,4,bcathiecw@examiner.com,Professor,false,false,Once,30177.08,3
Miguelita,Welbrock,54,3,mwelbrockcx@imageshack.us,Payment Adjustment Coordinator,false,true,Daily,38558.77,3
Sidney,Sandyfirth,35,4,ssandyfirthcy@marriott.com,Help Desk Operator,false,false,Yearly,35123.58,4
Cesar,Scarlan,43,4,cscarlancz@uiuc.edu,Recruiting Manager,true,false,Weekly,30866.75,2
Lynnelle,Rasch,55,1,lraschd0@over-blog.com,Cost Accountant,true,false,Monthly,30267.7,1
Melicent,Coatman,52,0,mcoatmand1@techcrunch.com,Senior Editor,false,false,Daily,35555.64,5
Reube,Bruin,62,3,rbruind2@gnu.org,Nuclear Power Engineer,true,true,Weekly,33366.76,5
Phebe,Evill,56,2,pevilld3@com.com,Editor,true,true,Weekly,33853.46,4
Fleur,Bletsoe,52,1,fbletsoed4@msu.edu,Chemical Engineer,true,false,Yearly,29845.01,4
Alyssa,Dashper,39,2,adashperd5@amazon.de,VP Marketing,false,false,Often,22781.15,1
Irvine,Stronghill,35,1,istronghilld6@amazon.com,VP Quality Control,true,true,Seldom,28475.79,3
Killie,Di Frisco,65,2,kdifriscod7@unicef.org,Speech Pathologist,false,true,Daily,32648.78,4
Bruis,Beadles,59,1,bbeadlesd8@ibm.com,Nurse,false,false,Yearly,27376.96,1
Gillan,Prowting,62,1,gprowtingd9@msn.com,Automation Specialist II,false,true,Never,34136.29,5
Willabella,Phripp,28,1,wphrippda@netlog.com,Senior Sales Associate,false,true,Seldom,33990.88,5
Laurice,Curtiss,65,0,lcurtissdb@comsenz.com,Social Worker,true,false,Never,29151.44,2
Mikkel,Gurley,25,2,mgurleydc@plala.or.jp,Senior Quality Engineer,true,true,Yearly,28085.29,4
Gustavus,Duchant,58,4,gduchantdd@patch.com,Nuclear Power Engineer,false,true,Seldom,35385.01,5
Tomasine,Scotchmoor,39,1,tscotchmoorde@tiny.cc,Civil Engineer,true,true,Never,32225.58,3
Tressa,Purver,38,1,tpurverdf@mashable.com,Automation Specialist III,true,false,Often,33225.73,3
Lotty,Schelle,41,2,lschelledg@businessweek.com,Geological Engineer,true,false,Once,27393.02,3
Abbie,Cicci,44,1,aciccidh@posterous.com,Nurse Practicioner,true,true,Seldom,26631.2,3
Dugald,Yarmouth,54,4,dyarmouthdi@disqus.com,Health Coach IV,true,false,Often,26198.05,5
Bartholomeus,Bosward,42,3,bboswarddj@hatena.ne.jp,Senior Financial Analyst,true,false,Daily,28974.56,2
Corbie,Swanton,35,4,cswantondk@ucoz.ru,VP Quality Control,false,false,Often,31168.92,1
Martguerita,Gyde,41,4,mgydedl@myspace.com,VP Accounting,false,true,Weekly,30641.49,2
Pepito,McKern,39,3,pmckerndm@google.pl,Research Associate,true,false,Yearly,28896.47,5
Claire,Neville,51,1,cnevilledn@cafepress.com,Help Desk Operator,false,true,Often,32856.63,1
Almira,Cosbee,55,2,acosbeedo@hibu.com,Junior Executive,true,true,Once,35179.13,4
Danette,McPeice,58,1,dmcpeicedp@qq.com,Social Worker,true,false,Monthly,30344.02,4
Beauregard,Canner,64,3,bcannerdq@histats.com,Web Designer III,false,false,Yearly,34193.12,5
Con,McPhee,60,3,cmcpheedr@hugedomains.com,Structural Engineer,false,false,Seldom,31085.3,2
Claude,Steanson,35,4,csteansonds@amazon.de,Junior Executive,false,true,Weekly,31718.18,2
Kean,Mackney,62,1,kmackneydt@wikimedia.org,Pharmacist,false,true,Yearly,33671.93,4
Allsun,Perigeaux,51,4,aperigeauxdu@timesonline.co.uk,Geological Engineer,true,true,Monthly,25997.79,2
Consuela,Mignot,49,3,cmignotdv@sakura.ne.jp,Environmental Tech,true,false,Monthly,25867.68,1
Bobbye,Hawe,54,2,bhawedw@infoseek.co.jp,Geologist II,true,false,Seldom,33363.8,4
Al,Halsworth,60,0,ahalsworthdx@t-online.de,Mechanical Systems Engineer,false,false,Once,34291.29,5
Nealy,Duddle,51,4,nduddledy@printfriendly.com,Product Engineer,true,false,Weekly,34331.41,5
Fabien,Poupard,53,3,fpouparddz@irs.gov,Community Outreach Specialist,false,false,Often,22808.86,3
Terza,Donavan,31,2,tdonavane0@senate.gov,Statistician III,false,true,Often,32096.71,5
Charita,Petrasso,50,3,cpetrassoe1@accuweather.com,Civil Engineer,true,false,Once,22604.29,2
Fay,Brayn,43,3,fbrayne2@cyberchimps.com,Graphic Designer,false,false,Weekly,31492.05,3
Fabiano,Swyre,49,4,fswyree3@theatlantic.com,Web Designer II,true,false,Seldom,28778.39,5
Sosanna,Troke,35,3,strokee4@miibeian.gov.cn,Sales Representative,true,false,Weekly,27450.88,3
Alexina,O'Donnell,30,2,aodonnelle5@github.io,Structural Analysis Engineer,true,false,Yearly,33670.23,1
Ellery,Chilvers,34,1,echilverse6@yelp.com,Biostatistician I,true,true,Never,27760.75,2
Carleen,Yankin,48,4,cyankine7@guardian.co.uk,Pharmacist,true,false,Seldom,32259.51,5
Bettye,Quick,45,0,bquicke8@disqus.com,Physical Therapy Assistant,false,false,Seldom,33410.68,3
Addi,Oxenham,61,0,aoxenhame9@bravesites.com,Nurse,true,true,Often,30057.05,2
Latrena,Normansell,65,3,lnormansellea@weibo.com,Automation Specialist I,true,false,Seldom,24903.69,2
Wood,Urion,34,2,wurioneb@privacy.gov.au,Senior Financial Analyst,true,false,Yearly,31940.67,5
Ansley,Mytton,62,3,amyttonec@va.gov,General Manager,false,false,Yearly,24204.94,2
Charisse,Bunten,62,4,cbuntened@imdb.com,Engineer II,false,false,Never,25174.12,5
Waylin,Joll,43,0,wjollee@time.com,General Manager,true,true,Once,24760.17,2
Ardenia,Bazoge,57,2,abazogeef@webeden.co.uk,Senior Sales Associate,true,false,Often,24260.42,2
Claire,Squibbes,50,0,csquibbeseg@nba.com,Financial Analyst,false,false,Yearly,30257.71,1
Shaine,Inchcomb,27,2,sinchcombeh@umn.edu,Software Test Engineer IV,true,false,Monthly,35519.36,2
Crista,Aslie,43,0,caslieei@goo.ne.jp,Office Assistant III,false,false,Once,33195.2,1
Christoph,Ciccottio,49,1,cciccottioej@rediff.com,Human Resources Manager,false,true,Weekly,32002.65,4
Humfrid,Oldacre,64,1,holdacreek@plala.or.jp,Human Resources Assistant IV,true,true,Never,27702.44,3
Kacey,Brunner,53,3,kbrunnerel@biglobe.ne.jp,VP Quality Control,false,false,Never,29825.59,1
Hynda,Marcham,33,2,hmarchamem@prweb.com,Recruiting Manager,false,false,Daily,27285.91,2
Clarisse,Grigolashvill,48,2,cgrigolashvillen@thetimes.co.uk,Internal Auditor,false,false,Daily,34584.09,1
Kalinda,Aiston,56,4,kaistoneo@wp.com,Media Manager II,true,true,Seldom,31290.0,5
Eda,Tompkiss,26,0,etompkissep@cafepress.com,Nuclear Power Engineer,true,false,Never,33826.97,4
Tildy,Matczak,32,3,tmatczakeq@naver.com,Executive Secretary,false,true,Once,35564.03,5
Sabrina,Josofovitz,61,0,sjosofovitzer@yandex.ru,VP Quality Control,false,false,Monthly,28509.72,2
Violetta,Quirke,38,2,vquirkees@pbs.org,Web Designer III,false,false,Often,27684.46,1
Tann,Conlon,51,1,tconlonet@photobucket.com,Account Representative IV,true,true,Yearly,40569.79,5
Lawry,Farrent,32,0,lfarrenteu@phpbb.com,General Manager,false,true,Weekly,32337.25,1
Dulce,Grimston,56,0,dgrimstonev@usnews.com,Associate Professor,false,true,Yearly,34859.63,1
Rosaleen,Rocks,33,3,rrocksew@cam.ac.uk,Mechanical Systems Engineer,false,true,Weekly,30693.25,1
Siobhan,Rulton,26,3,srultonex@tmall.com,VP Sales,true,false,Monthly,31603.39,3
Beckie,Dollimore,47,0,bdollimoreey@cisco.com,VP Product Management,true,false,Never,33357.87,3
Ennis,Barensky,62,3,ebarenskyez@sciencedaily.com,Assistant Professor,true,false,Never,29019.83,2
Elka,Heaker,38,4,eheakerf0@infoseek.co.jp,Biostatistician IV,true,false,Seldom,28297.16,4
Godard,Logsdail,65,3,glogsdailf1@domainmarket.com,VP Accounting,true,false,Monthly,29082.77,3
Lulita,Antonio,44,4,lantoniof2@forbes.com,VP Accounting,false,false,Daily,24068.78,3
Torrey,Patley,48,3,tpatleyf3@yellowpages.com,Structural Analysis Engineer,false,false,Once,29504.43,1
Murdock,Shewon,64,2,mshewonf4@ustream.tv,Chief Design Engineer,false,false,Once,32697.54,5
Tiffanie,Axtonne,52,0,taxtonnef5@surveymonkey.com,Environmental Tech,true,true,Once,17617.99,1
Ketti,Niblock,52,3,kniblockf6@wufoo.com,Speech Pathologist,true,false,Once,31347.52,5
Wendye,Tarrant,50,0,wtarrantf7@patch.com,Sales Representative,true,false,Weekly,32470.01,5
Auria,Blower,54,3,ablowerf8@ow.ly,Occupational Therapist,false,false,Often,31848.0,3
Guenna,Perch,31,2,gperchf9@moonfruit.com,Account Coordinator,false,true,Monthly,32041.39,4
Ralph,Pittford,65,0,rpittfordfa@vinaora.com,Tax Accountant,true,false,Monthly,30823.02,2
Jessey,Cline,62,3,jclinefb@google.com,Marketing Manager,false,false,Often,31499.51,5
Markus,Rathbourne,48,3,mrathbournefc@slideshare.net,Account Coordinator,true,false,Monthly,32253.46,5
Bertrand,Fraine,26,2,bfrainefd@exblog.jp,Product Engineer,false,false,Seldom,25467.55,3
Eartha,Scola,56,1,escolafe@vkontakte.ru,Senior Quality Engineer,true,false,Once,30707.0,5
Ellynn,Tribbeck,53,4,etribbeckff@vinaora.com,Executive Secretary,true,false,Weekly,36146.38,2
Carlin,Cooksley,31,1,ccooksleyfg@techcrunch.com,Administrative Assistant III,false,true,Seldom,27932.38,2
Leonerd,Schooley,54,2,lschooleyfh@jigsy.com,Speech Pathologist,true,true,Often,36143.76,3
Melitta,Bednell,63,2,mbednellfi@arizona.edu,Sales Representative,false,true,Once,27978.87,3
Randi,Crockford,26,4,rcrockfordfj@admin.ch,Analyst Programmer,false,true,Often,30859.86,4
Dick,Branney,40,3,dbranneyfk@cargocollective.com,Editor,false,true,Seldom,33545.19,2
Lana,MacKay,32,2,lmackayfl@wired.com,Senior Editor,false,true,Once,32630.65,1
Teddie,Kinnen,40,3,tkinnenfm@smugmug.com,Teacher,false,true,Often,22275.54,2
Teodoor,Heephy,40,0,theephyfn@ask.com,Information Systems Manager,false,false,Once,25067.47,2
Henri,Renzini,30,3,hrenzinifo@slashdot.org,Legal Assistant,true,false,Seldom,35361.29,4
Reese,Jahnel,55,2,rjahnelfp@vk.com,Senior Financial Analyst,false,true,Weekly,29783.34,2
Victor,Kennady,30,2,vkennadyfq@yahoo.co.jp,Graphic Designer,true,false,Once,17067.23,5
Link,Chate,50,1,lchatefr@1688.com,Nuclear Power Engineer,true,false,Daily,27993.53,4
Benito,Clench,32,3,bclenchfs@typepad.com,Accountant III,true,true,Never,20158.98,5
Rafferty,Fenna,60,4,rfennaft@e-recht24.de,VP Accounting,true,false,Monthly,35611.79,4
Alvira,Evesque,59,2,aevesquefu@qq.com,Administrative Assistant IV,false,true,Often,39706.38,5
Shannon,Vonasek,49,2,svonasekfv@telegraph.co.uk,Nuclear Power Engineer,true,false,Daily,33168.47,2
Corina,Gibbonson,61,0,cgibbonsonfw@indiatimes.com,Legal Assistant,false,true,Weekly,29259.15,5
Yorke,Cushe,31,0,ycushefx@thetimes.co.uk,Internal Auditor,false,false,Weekly,19720.68,2
Shellie,Dressel,60,0,sdresselfy@utexas.edu,Senior Financial Analyst,true,true,Daily,28397.2,2
Ryun,Sandwick,51,3,rsandwickfz@chronoengine.com,VP Quality Control,false,false,Often,20980.87,3
Garwood,Ovenell,49,2,govenellg0@aol.com,Programmer Analyst I,true,true,Monthly,29309.31,5
Hyman,Wield,39,3,hwieldg1@cargocollective.com,Programmer II,true,true,Once,38449.61,3
Devlen,Dominetti,57,2,ddominettig2@shutterfly.com,Engineer III,true,false,Yearly,30262.29,2
Gustie,Spavins,37,3,gspavinsg3@goo.gl,Web Developer II,false,false,Daily,37101.41,5
Adelaide,Wassung,60,0,awassungg4@yellowbook.com,Social Worker,true,true,Monthly,30590.96,3
Abel,Hryniewicki,28,0,ahryniewickig5@technorati.com,Senior Quality Engineer,false,true,Weekly,30739.01,3
Glen,Rothwell,42,4,grothwellg6@craigslist.org,Financial Analyst,true,true,Yearly,30702.18,4
Moria,Corner,29,4,mcornerg7@japanpost.jp,Payment Adjustment Coordinator,true,true,Seldom,24611.88,4
Shurlocke,Schultheiss,50,4,sschultheissg8@ibm.com,Actuary,false,false,Once,28588.08,4
Rodney,Gligoraci,48,4,rgligoracig9@fastcompany.com,Statistician IV,true,true,Monthly,39946.41,2
Deloris,Pinfold,55,4,dpinfoldga@wordpress.org,VP Quality Control,false,true,Weekly,28919.06,2
Raimund,Sedgefield,29,4,rsedgefieldgb@cnet.com,Computer Systems Analyst II,false,false,Often,31150.13,4
Maxy,Fritchly,53,0,mfritchlygc@techcrunch.com,Registered Nurse,true,false,Weekly,28745.49,1
Kingsly,Jecock,34,3,kjecockgd@shutterfly.com,Structural Analysis Engineer,true,true,Monthly,34074.96,2
Evelina,Andrieux,42,3,eandrieuxge@pcworld.com,Database Administrator IV,true,false,Monthly,28400.23,4
Emylee,Consadine,28,1,econsadinegf@purevolume.com,Assistant Manager,true,false,Monthly,32742.56,5
Montague,Mew,29,2,mmewgg@mail.ru,Automation Specialist III,false,false,Once,32642.88,1
Nikolos,Ramsted,51,4,nramstedgh@wunderground.com,Quality Engineer,false,true,Yearly,23790.71,3
Pedro,Ormerod,51,3,pormerodgi@purevolume.com,Web Designer I,false,true,Yearly,26458.41,3
Cecilla,Sephton,60,1,csephtongj@intel.com,Senior Quality Engineer,true,true,Yearly,26538.11,3
Cindy,Cowdroy,33,2,ccowdroygk@constantcontact.com,VP Marketing,true,false,Daily,31934.45,1
Noella,Schnitter,45,2,nschnittergl@blogs.com,Financial Analyst,true,true,Seldom,36608.98,4
Zelma,Friend,41,4,zfriendgm@stumbleupon.com,Help Desk Operator,true,true,Often,38477.63,2
Kaycee,Rack,29,0,krackgn@sciencedirect.com,Programmer Analyst IV,true,false,Monthly,34795.95,2
Muriel,Jills,44,3,mjillsgo@jalbum.net,Budget/Accounting Analyst IV,true,true,Once,27894.2,3
Lettie,Purshouse,60,0,lpurshousegp@t-online.de,Junior Executive,false,false,Seldom,29911.4,2
Janos,Peebles,53,0,jpeeblesgq@ft.com,Legal Assistant,false,true,Monthly,39325.38,4
Danika,Matyushenko,54,2,dmatyushenkogr@bizjournals.com,Quality Engineer,true,true,Monthly,32711.85,3
Gilbertine,Barette,51,3,gbarettegs@cnn.com,Accountant III,false,false,Weekly,32084.48,2
Jaymee,Saunier,25,1,jsauniergt@nationalgeographic.com,Data Coordiator,false,false,Daily,29192.6,5
Bernardine,Tithacott,46,3,btithacottgu@smh.com.au,Account Executive,true,true,Weekly,29419.98,1
Aeriell,Baelde,41,0,abaeldegv@shinystat.com,Account Representative IV,false,true,Weekly,25718.3,4
Berkley,Lovelace,46,2,blovelacegw@shinystat.com,Electrical Engineer,false,false,Once,24502.36,2
Petronella,Rosendale,41,0,prosendalegx@ft.com,Junior Executive,false,true,Seldom,36987.6,1
Danyelle,MacTurlough,58,4,dmacturloughgy@hp.com,Data Coordiator,true,true,Yearly,18694.88,1
Grantley,Worrall,29,2,gworrallgz@dailymotion.com,Legal Assistant,true,true,Monthly,26282.77,5
Hetty,Kelleway,39,3,hkellewayh0@state.gov,Human Resources Assistant III,true,true,Once,33926.44,5
Merline,Mee,30,4,mmeeh1@skype.com,Dental Hygienist,true,true,Yearly,30298.69,1
Beale,Corbert,50,2,bcorberth2@woothemes.com,Tax Accountant,true,true,Weekly,30902.15,3
Arnold,Skeffington,25,1,askeffingtonh3@redcross.org,Staff Accountant III,true,true,Often,26670.98,1
Cathi,Garm,55,3,cgarmh4@youtu.be,Senior Quality Engineer,true,true,Daily,22262.8,5
Tani,Barabich,38,2,tbarabichh5@redcross.org,Paralegal,true,false,Once,35441.72,5
Louella,Iuorio,59,0,liuorioh6@adobe.com,Sales Associate,true,true,Often,31142.98,2
Clare,Lowes,42,1,clowesh7@geocities.jp,VP Accounting,false,false,Seldom,36368.63,5
Jessie,Domesday,55,2,jdomesdayh8@go.com,Clinical Specialist,false,true,Often,30588.34,2
Valery,Percifer,36,0,vperciferh9@phoca.cz,Associate Professor,false,false,Yearly,34919.54,2
Nelly,Lewry,29,1,nlewryha@clickbank.net,Financial Advisor,false,false,Once,31023.2,1
Alejandro,Peyes,40,0,apeyeshb@vimeo.com,Civil Engineer,true,false,Never,33952.32,3
Giustino,Morstatt,55,4,gmorstatthc@constantcontact.com,Actuary,false,true,Weekly,34056.74,2
Elayne,Fearnsides,48,0,efearnsideshd@reverbnation.com,Systems Administrator IV,false,false,Daily,27783.05,1
Wallie,Ottewell,42,1,wottewellhe@diigo.com,Analyst Programmer,true,true,Never,24499.91,2
Ariela,Kelleway,46,1,akellewayhf@wiley.com,Analog Circuit Design manager,false,false,Yearly,28022.42,3
Clevie,Fetterplace,37,3,cfetterplacehg@cpanel.net,Software Test Engineer IV,true,false,Often,27002.67,5
Prescott,Belleny,43,2,pbellenyhh@hatena.ne.jp,Account Coordinator,false,true,Once,25597.72,2
Vickie,Chaloner,41,2,vchalonerhi@tiny.cc,Financial Advisor,true,true,Seldom,31309.32,5
Maud,Pittway,42,1,mpittwayhj@time.com,Programmer Analyst I,true,false,Weekly,35690.14,5
Chicky,Dunkirk,51,3,cdunkirkhk@latimes.com,Health Coach IV,true,false,Yearly,22003.22,4
Bryn,Le Strange,60,2,blestrangehl@tripod.com,Graphic Designer,true,false,Often,34732.57,5
Cecilio,Burgoyne,34,4,cburgoynehm@mlb.com,Compensation Analyst,false,true,Yearly,35208.56,2
Gawen,O'Dea,39,2,godeahn@salon.com,VP Product Management,true,false,Weekly,23752.77,5
Ezmeralda,MacAfee,31,4,emacafeeho@instagram.com,Marketing Manager,false,true,Daily,32177.81,2
Stacee,Beckenham,34,4,sbeckenhamhp@ovh.net,Professor,false,true,Often,27263.32,2
Amery,Mullinder,28,3,amullinderhq@yelp.com,Media Manager II,false,true,Seldom,26802.86,3
Gayle,Castella,34,2,gcastellahr@utexas.edu,Programmer IV,false,true,Daily,31074.86,3
Errick,Riccardi,33,3,ericcardihs@quantcast.com,Recruiting Manager,true,true,Often,23881.8,5
Viviene,Temperton,56,4,vtempertonht@edublogs.org,Sales Representative,false,false,Seldom,37789.32,1
Loraine,Corp,45,0,lcorphu@ehow.com,VP Quality Control,false,true,Often,27660.07,2
Robert,Hovee,54,0,rhoveehv@mtv.com,Geological Engineer,true,true,Weekly,25196.69,3
Aloisia,Birdfield,58,3,abirdfieldhw@vistaprint.com,Nuclear Power Engineer,false,true,Never,31972.52,3
Marchall,Matthewes,55,0,mmattheweshx@elegantthemes.com,Recruiting Manager,true,false,Often,32329.09,3
Dorie,Rangall,60,3,drangallhy@friendfeed.com,Software Test Engineer III,false,true,Weekly,33244.37,4
Georgy,Buttfield,62,1,gbuttfieldhz@sohu.com,Chemical Engineer,false,false,Seldom,25840.55,5
Siward,Draco,37,4,sdracoi0@trellian.com,Senior Developer,false,true,Yearly,36902.26,5
Ruth,Balhatchet,53,2,rbalhatcheti1@sun.com,Speech Pathologist,false,false,Once,28544.76,5
Paulina,Frearson,37,2,pfrearsoni2@slate.com,Legal Assistant,true,true,Never,28641.95,1
Gill,Shea,38,4,gsheai3@google.com,Internal Auditor,true,false,Often,44601.68,4
Starla,Whittington,64,3,swhittingtoni4@digg.com,VP Quality Control,true,true,Daily,28978.39,2
Hervey,Van der Kruis,35,0,hvanderkruisi5@last.fm,Nuclear Power Engineer,true,true,Never,33448.9,4
Eduard,O'Grogane,50,0,eogroganei6@mapquest.com,Business Systems Development Analyst,false,true,Never,27496.21,5
Ervin,Evequot,25,1,eevequoti7@furl.net,Accounting Assistant I,false,false,Weekly,29178.9,1
Maryann,Cotgrave,53,1,mcotgravei8@rambler.ru,VP Sales,true,true,Daily,35116.88,4
Rory,Mawdsley,62,2,rmawdsleyi9@elegantthemes.com,GIS Technical Architect,true,true,Weekly,30482.14,3
Gray,Basilotta,29,0,gbasilottaia@ask.com,Geologist II,false,false,Daily,28979.33,4
Shayla,Arnatt,35,0,sarnattib@cornell.edu,Nurse,false,true,Once,20622.66,3
Gearalt,Joe,33,3,gjoeic@desdev.cn,Research Assistant III,false,true,Never,24137.56,5
Fidelity,Danilovic,52,4,fdanilovicid@clickbank.net,Physical Therapy Assistant,false,false,Monthly,27501.78,1
Allyn,Shoobridge,29,3,ashoobridgeie@usnews.com,Environmental Tech,true,true,Often,30705.63,2
Dorotea,Abbess,55,1,dabbessif@gmpg.org,Help Desk Operator,true,false,Weekly,23259.02,4
Howard,Millan,54,0,hmillanig@techcrunch.com,Marketing Assistant,true,true,Once,30520.85,3
Rafi,Kermott,39,4,rkermottih@amazon.de,Nurse,false,true,Never,26038.95,4
Amii,Ace,57,2,aaceii@sun.com,General Manager,false,true,Yearly,26632.69,1
Bertram,Skermer,62,1,bskermerij@amazon.com,Analog Circuit Design manager,true,false,Often,34283.71,3
Carin,Felten,27,3,cfeltenik@cyberchimps.com,Sales Representative,false,false,Daily,27864.8,3
Royall,Beggs,34,0,rbeggsil@ovh.net,Structural Analysis Engineer,true,false,Yearly,31018.95,3
Ennis,Palluschek,32,2,epalluschekim@wikipedia.org,Automation Specialist II,true,true,Weekly,26513.11,4
Prudence,Piolli,33,4,ppiolliin@vk.com,Editor,false,false,Weekly,20304.33,5
Merna,Mozzini,46,0,mmozziniio@lulu.com,Actuary,false,true,Monthly,32745.85,2
Codi,Selesnick,55,1,cselesnickip@ft.com,Senior Financial Analyst,false,true,Yearly,28551.84,2
Dulce,Bansal,48,3,dbansaliq@yahoo.com,Senior Cost Accountant,false,true,Daily,28493.19,2
Angeline,Crinidge,31,0,acrinidgeir@admin.ch,Research Nurse,false,false,Once,37524.68,3
Adan,Boobyer,61,4,aboobyeris@telegraph.co.uk,Statistician I,true,false,Yearly,32942.99,3
Lucian,Lernihan,39,3,llernihanit@senate.gov,Computer Systems Analyst II,false,true,Never,35679.04,2
Kerry,Batters,62,3,kbattersiu@nature.com,Project Manager,true,true,Monthly,35831.64,2
Bridie,Patsall,48,3,bpatsalliv@samsung.com,Design Engineer,true,false,Once,36809.55,5
Leontine,Schohier,55,2,lschohieriw@youku.com,General Manager,false,true,Yearly,34889.76,4
Joby,Megainey,28,3,jmegaineyix@lulu.com,Junior Executive,false,false,Monthly,25877.29,3
Philbert,Worcester,47,0,pworcesteriy@feedburner.com,Dental Hygienist,true,false,Never,26625.36,2
Kaitlin,Nitti,64,3,knittiiz@pbs.org,Community Outreach Specialist,false,true,Weekly,32012.7,2
Quinta,Alford,65,3,qalfordj0@hp.com,Help Desk Technician,true,false,Never,25900.43,1
Elmer,Twelvetree,50,3,etwelvetreej1@tinypic.com,Product Engineer,true,false,Weekly,22610.36,1
Mersey,Farlambe,28,3,mfarlambej2@ted.com,Budget/Accounting Analyst IV,false,false,Monthly,29191.23,1
Georgianne,Haycock,38,4,ghaycockj3@smh.com.au,Staff Scientist,false,true,Daily,29414.39,1
Rianon,Kidson,34,3,rkidsonj4@sogou.com,Assistant Professor,false,true,Seldom,37916.48,4
Mariska,Easterby,42,2,measterbyj5@usatoday.com,Staff Accountant I,false,false,Monthly,38258.94,2
Correy,Ryton,46,1,crytonj6@ucsd.edu,Physical Therapy Assistant,true,true,Once,29436.49,2
Adham,Merill,41,2,amerillj7@behance.net,Office Assistant III,true,true,Seldom,28100.0,3
Idelle,Griffitts,33,2,igriffittsj8@scientificamerican.com,Librarian,true,false,Daily,23632.11,2
Andre,Jandac,42,0,ajandacj9@uol.com.br,Sales Associate,true,true,Daily,23909.23,5
Cleon,Thorald,36,3,cthoraldja@ebay.co.uk,Account Representative IV,true,false,Monthly,32760.86,5
Vladimir,Alcott,52,2,valcottjb@geocities.jp,Database Administrator III,true,true,Once,29942.56,2
Morissa,Risbie,50,0,mrisbiejc@comcast.net,Marketing Assistant,true,false,Yearly,36802.29,4
Kyrstin,Nollet,63,0,knolletjd@com.com,Administrative Officer,false,false,Daily,28891.5,4
Samuel,Mordon,50,1,smordonje@theglobeandmail.com,Computer Systems Analyst I,true,true,Yearly,25889.1,2
Lane,Marshal,39,3,lmarshaljf@typepad.com,Account Coordinator,false,false,Monthly,27071.58,5
Frederik,Corringham,31,1,fcorringhamjg@google.de,Web Developer II,true,false,Daily,24609.81,3
Rolph,Filkin,41,3,rfilkinjh@edublogs.org,Actuary,false,false,Seldom,36908.14,4
Farand,Laidlow,34,1,flaidlowji@ftc.gov,Statistician IV,false,false,Once,26575.75,4
Wylie,Coffelt,37,1,wcoffeltjj@loc.gov,Financial Analyst,false,false,Often,25420.82,5
Karin,Merrigan,44,1,kmerriganjk@nature.com,Paralegal,false,true,Yearly,43525.98,4
Kaila,Nowlan,59,2,knowlanjl@photobucket.com,Web Designer III,false,true,Weekly,24935.83,5
Errol,MacBain,40,4,emacbainjm@google.com,Marketing Assistant,true,false,Daily,23592.56,5
Sydney,Guiduzzi,58,4,sguiduzzijn@skyrock.com,Marketing Assistant,false,false,Seldom,35061.27,2
Olivier,Kivlehan,34,2,okivlehanjo@sciencedaily.com,Help Desk Technician,false,true,Yearly,40084.23,3
Cherie,Holbie,56,4,cholbiejp@stanford.edu,VP Sales,true,false,Often,24186.21,3
Ollie,Van Arsdall,63,0,ovanarsdalljq@businessinsider.com,Information Systems Manager,true,true,Weekly,31046.84,4
Giff,Torbet,26,4,gtorbetjr@storify.com,Physical Therapy Assistant,true,true,Yearly,39997.54,1
Dona,Apted,54,3,daptedjs@sina.com.cn,Staff Scientist,true,true,Daily,27169.88,1
Ray,Gormally,33,2,rgormallyjt@dell.com,Budget/Accounting Analyst I,false,false,Never,30826.01,2
Shantee,Eckly,46,2,secklyju@skyrock.com,Social Worker,false,false,Weekly,28681.17,5
Reba,Taunton,41,0,rtauntonjv@istockphoto.com,Systems Administrator IV,true,true,Once,30659.84,3
Leticia,Gammet,32,0,lgammetjw@ycombinator.com,VP Product Management,false,false,Monthly,20506.03,4
Aleda,Pieracci,36,0,apieraccijx@huffingtonpost.com,Civil Engineer,true,true,Monthly,32100.8,2
Cassaundra,Vizor,29,2,cvizorjy@alexa.com,Web Developer IV,true,true,Yearly,39568.59,2
Austina,Muckersie,56,3,amuckersiejz@foxnews.com,Legal Assistant,false,false,Daily,31425.72,1
Norman,Kloska,49,3,nkloskak0@google.de,Structural Analysis Engineer,false,false,Yearly,40156.91,2
Caralie,Rollinson,55,2,crollinsonk1@canalblog.com,Account Coordinator,false,false,Yearly,34389.25,5
Nonie,Tarplee,46,1,ntarpleek2@hud.gov,Senior Sales Associate,false,false,Weekly,31423.5,3
Janina,Hatchman,58,4,jhatchmank3@bigcartel.com,Community Outreach Specialist,true,false,Seldom,28454.97,2
Jedidiah,Berens,37,3,jberensk4@wordpress.org,Structural Analysis Engineer,true,false,Yearly,34625.89,1
Kenneth,Ridgley,46,4,kridgleyk5@seesaa.net,VP Quality Control,true,true,Weekly,25610.96,3
Monti,Nance,40,0,mnancek6@zimbio.com,Software Engineer I,true,false,Often,29355.33,1
Henriette,Jephcote,55,2,hjephcotek7@dot.gov,Statistician I,false,false,Yearly,26946.39,4
Gwenette,Croose,65,1,gcroosek8@symantec.com,Registered Nurse,false,true,Weekly,25775.36,5
Larina,Dottrell,43,1,ldottrellk9@examiner.com,Account Representative I,true,true,Often,27567.08,3
Myrtie,Longo,40,4,mlongoka@walmart.com,Assistant Professor,false,false,Seldom,36397.04,2
Jefferey,Dumingo,41,2,jdumingokb@upenn.edu,Professor,false,false,Weekly,34890.08,4
Morten,Gianilli,48,4,mgianillikc@dagondesign.com,Design Engineer,false,true,Seldom,29244.04,1
Elise,Cannam,63,1,ecannamkd@washingtonpost.com,Teacher,false,true,Yearly,37829.98,5
Berta,Holwell,52,4,bholwellke@newsvine.com,Nuclear Power Engineer,true,true,Yearly,26528.59,5
Ileane,Aucourte,65,3,iaucourtekf@smugmug.com,Programmer IV,false,false,Never,23559.26,3
Hayward,Janosevic,58,2,hjanosevickg@hexun.com,Account Coordinator,true,true,Often,32774.04,4
Perla,Guirardin,25,1,pguirardinkh@digg.com,Design Engineer,false,true,Daily,30147.88,3
Jo-anne,Boothman,37,2,jboothmanki@goo.ne.jp,Safety Technician II,false,true,Often,34178.34,4
Caleb,Roscher,31,0,croscherkj@jugem.jp,Clinical Specialist,false,false,Monthly,33221.45,3
Tory,Garlic,32,4,tgarlickk@youtube.com,Technical Writer,false,true,Seldom,36230.88,5
Everard,Bernardo,64,2,ebernardokl@ftc.gov,Assistant Media Planner,false,true,Never,30814.5,4
Charlton,Telfer,38,3,ctelferkm@paginegialle.it,General Manager,true,true,Once,25615.4,2
Ame,Velde,56,1,aveldekn@1688.com,Librarian,false,false,Monthly,27013.77,1
Cal,Jeckell,55,3,cjeckellko@mozilla.org,Systems Administrator III,true,true,Seldom,24918.18,1
Westleigh,Van,31,2,wvankp@ucsd.edu,Physical Therapy Assistant,true,false,Often,26688.37,1
Humbert,Semaine,55,0,hsemainekq@youtu.be,Biostatistician IV,false,true,Never,35642.41,4
Enrico,Jeenes,50,4,ejeeneskr@netscape.com,Associate Professor,true,false,Yearly,34226.57,2
Hymie,Bisgrove,43,4,hbisgroveks@over-blog.com,Engineer III,false,true,Daily,39947.38,5
Tammy,Janczewski,46,2,tjanczewskikt@163.com,Internal Auditor,true,false,Yearly,29585.44,5
Dante,Bencher,29,1,dbencherku@goo.gl,Programmer Analyst I,true,true,Daily,30395.25,3
Octavia,Reston,52,3,orestonkv@si.edu,Community Outreach Specialist,true,true,Seldom,33937.44,1
Kleon,Youel,44,2,kyouelkw@apple.com,Senior Financial Analyst,false,true,Often,29993.67,1
Theressa,Oakenford,54,0,toakenfordkx@discuz.net,Product Engineer,true,true,Seldom,33146.81,2
Chrisse,Thow,64,0,cthowky@artisteer.com,Web Designer II,false,true,Yearly,38305.87,5
Butch,Placide,53,0,bplacidekz@parallels.com,Assistant Manager,true,false,Daily,39112.1,4
Marylee,Forsythe,36,3,mforsythel0@telegraph.co.uk,Research Associate,true,true,Monthly,26634.59,4
Averil,Ikins,33,1,aikinsl1@biglobe.ne.jp,Graphic Designer,true,true,Once,33426.01,4
Irita,Garritley,65,4,igarritleyl2@vinaora.com,Senior Quality Engineer,true,true,Often,35724.62,3
Kerstin,Kaindl,61,3,kkaindll3@dion.ne.jp,Occupational Therapist,false,false,Monthly,25003.44,3
Demetra,Dagnall,30,1,ddagnalll4@bing.com,Administrative Officer,true,true,Daily,23699.11,4
Durward,Thorouggood,47,1,dthorouggoodl5@angelfire.com,Electrical Engineer,false,false,Seldom,28421.53,2
Ruthy,Sansum,51,2,rsansuml6@ed.gov,Assistant Media Planner,true,true,Once,26911.11,3
Vanessa,Bewsey,38,2,vbewseyl7@chronoengine.com,Paralegal,false,false,Once,31048.47,3
Humphrey,Pepye,44,3,hpepyel8@xinhuanet.com,VP Marketing,false,true,Never,26426.48,3
Wanids,Chew,41,4,wchewl9@google.ca,Programmer IV,true,false,Yearly,33282.47,5
Ian,Morford,27,4,imorfordla@facebook.com,Nuclear Power Engineer,true,false,Weekly,37144.43,2
Kele,Adamolli,54,4,kadamollilb@ow.ly,Assistant Manager,true,true,Often,25707.02,4
Miof mela,Gurley,53,3,mgurleylc@pinterest.com,Nurse,true,true,Daily,18683.26,2
Cybil,Stickel,65,1,cstickelld@weebly.com,Community Outreach Specialist,false,true,Yearly,27671.74,5
Justin,Nassi,56,3,jnassile@bloomberg.com,Assistant Manager,true,true,Yearly,37256.16,5
Orville,Bruckenthal,48,0,obruckenthallf@noaa.gov,Assistant Manager,false,true,Often,36638.24,2
Revkah,Spottiswoode,33,3,rspottiswoodelg@jimdo.com,Human Resources Manager,true,false,Seldom,33122.22,5
Abbey,Bugby,55,2,abugbylh@purevolume.com,Media Manager III,true,true,Once,32315.82,4
Jan,Dering,29,2,jderingli@parallels.com,Recruiter,false,false,Seldom,26222.54,2
Alexine,Aykroyd,61,3,aaykroydlj@state.tx.us,Design Engineer,true,false,Daily,27518.33,2
Meredithe,Bolitho,65,2,mbolitholk@issuu.com,Graphic Designer,true,true,Yearly,27666.68,2
Golda,Casetta,40,0,gcasettall@dailymotion.com,Administrative Officer,true,false,Once,30691.93,3
Janos,Mathys,27,4,jmathyslm@4shared.com,VP Marketing,false,false,Never,27426.32,5
Doe,Cradoc,36,2,dcradocln@artisteer.com,Office Assistant II,false,false,Yearly,32024.4,4
Delly,Smidmoor,51,2,dsmidmoorlo@163.com,Web Developer II,true,false,Never,26841.47,1
Phebe,Maddams,53,3,pmaddamslp@vk.com,Nuclear Power Engineer,true,false,Weekly,26562.37,2
Briano,Chippindall,41,0,bchippindalllq@paginegialle.it,Programmer Analyst III,false,false,Once,28224.12,1
Diahann,Stovell,28,0,dstovelllr@cisco.com,VP Product Management,false,true,Daily,13468.28,5
Odey,Dummer,55,3,odummerls@msn.com,Account Coordinator,false,false,Seldom,21562.93,5
Marci,Dunlap,39,4,mdunlaplt@rediff.com,Office Assistant II,false,false,Never,34996.74,4
Theresita,Osant,59,3,tosantlu@blog.com,Editor,false,false,Daily,34783.74,1
Salmon,Argo,26,1,sargolv@xing.com,Account Executive,true,true,Weekly,24360.52,2
Muhammad,Bischoff,57,1,mbischofflw@mapquest.com,Actuary,false,true,Never,32386.66,2
Katusha,Boniface,51,1,kbonifacelx@cbslocal.com,Assistant Professor,true,false,Daily,29445.72,3
Sarina,McCaig,29,1,smccaigly@scientificamerican.com,Director of Sales,true,true,Daily,24823.33,2
Malvina,Sneller,61,4,msnellerlz@bandcamp.com,Recruiting Manager,true,true,Often,30607.05,1
Mathilde,Colegate,48,2,mcolegatem0@globo.com,VP Quality Control,false,false,Weekly,31594.89,4
Kalindi,Cordet,64,2,kcordetm1@newyorker.com,Research Associate,false,true,Weekly,33680.37,4
Petr,Temperley,31,2,ptemperleym2@mapquest.com,Human Resources Manager,false,true,Once,33231.12,1
Merwin,O'Fergus,27,2,mofergusm3@amazon.de,Junior Executive,false,false,Never,29847.74,3
Royal,Dubose,44,3,rdubosem4@rediff.com,Senior Financial Analyst,false,false,Once,25058.77,5
Ely,Casterot,27,4,ecasterotm5@wordpress.org,Marketing Assistant,true,false,Never,41209.69,5
Vassily,Imrie,40,0,vimriem6@yellowpages.com,Nuclear Power Engineer,true,true,Once,29963.47,1
Fidelity,Scatchard,56,3,fscatchardm7@auda.org.au,Senior Cost Accountant,true,false,Yearly,28972.57,4
Chancey,Deppe,32,0,cdeppem8@walmart.com,Administrative Assistant IV,true,false,Weekly,28207.53,4
Leoline,Karpeev,48,4,lkarpeevm9@usda.gov,Actuary,false,false,Seldom,25745.68,4
Esme,Kinker,35,4,ekinkerma@linkedin.com,Chemical Engineer,false,true,Often,34600.7,1
Karisa,Gunbie,50,1,kgunbiemb@smugmug.com,Social Worker,false,false,Once,31161.84,3
Nealon,Harnott,48,4,nharnottmc@epa.gov,Recruiter,true,true,Often,33666.9,3
Meggie,Biaggelli,33,3,mbiaggellimd@mashable.com,Senior Quality Engineer,false,false,Monthly,24874.92,2
Amberly,Meller,54,1,amellerme@freewebs.com,Research Nurse,true,false,Seldom,20374.44,5
Giulietta,Playhill,64,4,gplayhillmf@globo.com,Payment Adjustment Coordinator,false,true,Yearly,37857.86,2
Felice,Laister,59,4,flaistermg@drupal.org,Budget/Accounting Analyst II,false,true,Often,29856.13,2
Alessandra,Dursley,25,2,adursleymh@exblog.jp,Software Consultant,true,true,Monthly,32757.97,1
Meggie,Blenkinship,25,0,mblenkinshipmi@who.int,Business Systems Development Analyst,true,true,Monthly,44935.45,4
Janean,Pennrington,43,4,jpennringtonmj@bbb.org,Human Resources Manager,false,false,Never,29088.35,2
Yettie,Challenor,32,1,ychallenormk@jiathis.com,VP Accounting,true,true,Once,33386.5,4
Tully,Ben,35,0,tbenml@amazon.co.jp,Paralegal,true,false,Never,35007.72,3
Burty,Cowope,33,1,bcowopemm@symantec.com,Help Desk Operator,false,false,Daily,30987.7,1
Chicky,Saiens,62,0,csaiensmn@arizona.edu,Senior Quality Engineer,true,false,Often,28348.53,5
Jasper,Riddiford,53,4,jriddifordmo@cmu.edu,Actuary,true,false,Never,21856.77,3
Tove,Pasfield,45,4,tpasfieldmp@admin.ch,Associate Professor,false,false,Daily,37140.97,2
Harrie,Locke,56,3,hlockemq@jiathis.com,Software Engineer II,false,false,Seldom,42440.75,1
Katina,Spiller,65,2,kspillermr@chron.com,Marketing Manager,true,false,Monthly,28420.97,3
Milly,Cottie,65,0,mcottiems@xinhuanet.com,Community Outreach Specialist,false,true,Monthly,24511.44,2
Sashenka,Zoephel,40,2,szoephelmt@bravesites.com,Research Nurse,false,false,Monthly,34408.63,4
Perla,Gratten,45,1,pgrattenmu@indiegogo.com,Software Engineer II,false,true,Once,20559.35,1
Audre,Croci,52,3,acrocimv@qq.com,Occupational Therapist,true,false,Often,32096.48,5
Buckie,Smorfit,42,2,bsmorfitmw@blogs.com,Quality Engineer,true,false,Once,28521.64,2
Whit,Benitti,53,4,wbenittimx@scientificamerican.com,Librarian,false,true,Once,27282.47,5
Rhoda,Mortell,53,3,rmortellmy@house.gov,Research Assistant IV,false,true,Seldom,27326.51,1
Winslow,Kear,50,2,wkearmz@usatoday.com,Help Desk Operator,true,true,Daily,29604.6,3
Dimitry,Besnardeau,62,3,dbesnardeaun0@fda.gov,VP Marketing,false,false,Monthly,39980.38,4
Gordy,Antat,44,0,gantatn1@ft.com,Chemical Engineer,true,true,Yearly,28262.61,3
Ilka,Orry,56,4,iorryn2@networksolutions.com,Environmental Specialist,false,true,Weekly,30653.37,1
Juieta,Manifold,39,0,jmanifoldn3@weather.com,Design Engineer,false,true,Often,16960.34,1
Gibb,Packe,44,4,gpacken4@surveymonkey.com,Software Consultant,false,true,Daily,31013.59,5
Thurstan,Alvares,28,3,talvaresn5@ifeng.com,Help Desk Technician,true,true,Never,30357.04,4
Haskell,Antill,37,1,hantilln6@wikimedia.org,Assistant Professor,false,true,Never,21552.79,2
Desirae,Cabane,31,2,dcabanen7@skype.com,Product Engineer,true,true,Seldom,27164.78,1
Rodina,Mixture,40,3,rmixturen8@sohu.com,Technical Writer,false,true,Seldom,33009.84,3
Sabra,Mallebone,63,3,smallebonen9@etsy.com,Payment Adjustment Coordinator,true,false,Daily,29152.68,2
Nehemiah,Sant,56,1,nsantna@jugem.jp,Nurse Practicioner,true,false,Yearly,31963.56,2
Cyndie,Welband,51,2,cwelbandnb@topsy.com,Account Coordinator,false,false,Seldom,33404.54,4
Arielle,Reggiani,26,0,areggianinc@huffingtonpost.com,Sales Associate,true,true,Often,27611.26,2
Duff,Boshers,35,1,dboshersnd@symantec.com,Account Coordinator,false,false,Weekly,27634.38,1
Reube,Gamlyn,42,1,rgamlynne@nifty.com,Human Resources Manager,false,false,Weekly,25656.66,1
Rubetta,Gullivent,33,0,rgulliventnf@usgs.gov,Computer Systems Analyst I,false,false,Once,33949.11,3
Madelin,Giacobo,57,2,mgiacobong@altervista.org,VP Sales,false,true,Yearly,34165.87,3
Fairfax,Beynkn,41,0,fbeynknnh@bigcartel.com,Staff Accountant II,false,false,Weekly,35684.17,5
Rickey,Kirsch,29,2,rkirschni@angelfire.com,Database Administrator IV,false,true,Monthly,28880.97,5
Raquela,Sawl,44,3,rsawlnj@devhub.com,Environmental Specialist,false,true,Monthly,31837.39,5
Teresa,Josebury,25,2,tjoseburynk@eepurl.com,Programmer IV,true,false,Monthly,29610.17,4
Cornie,Gillean,50,3,cgilleannl@cargocollective.com,Physical Therapy Assistant,false,false,Never,37405.83,4
Rice,Poley,43,1,rpoleynm@twitter.com,Office Assistant II,true,false,Never,27617.0,3
Cacilie,Stubbert,60,0,cstubbertnn@de.vu,Executive Secretary,false,false,Monthly,38967.52,5
Carin,Hughesdon,48,0,chughesdonno@cbc.ca,Account Executive,true,true,Once,32679.67,4
Penny,Hearse,45,3,phearsenp@msu.edu,Senior Editor,false,false,Often,31230.2,2
Stormy,Fenners,25,2,sfennersnq@blog.com,Tax Accountant,true,true,Often,42917.03,5
Stacy,Smail,50,4,ssmailnr@gmpg.org,Systems Administrator IV,true,false,Daily,29542.2,3
Angie,Daugherty,60,4,adaughertyns@mediafire.com,Sales Representative,false,true,Once,40572.05,5
Perren,Stiggers,61,4,pstiggersnt@telegraph.co.uk,Analog Circuit Design manager,true,true,Yearly,35705.62,3
Derron,Dearle-Palser,37,3,ddearlepalsernu@nature.com,Environmental Specialist,true,true,Seldom,27966.76,1
Sherman,McPhelim,31,3,smcphelimnv@rambler.ru,Accountant III,true,false,Daily,27520.97,3
Rubia,Wilde,29,0,rwildenw@disqus.com,Developer IV,true,true,Monthly,27947.38,4
Peyton,Hessing,65,4,phessingnx@twitter.com,Developer II,true,true,Yearly,23591.59,2
Natty,Abbiss,25,2,nabbissny@mlb.com,Mechanical Systems Engineer,true,false,Often,35535.94,4
Fremont,Rome,64,4,fromenz@purevolume.com,Sales Representative,false,true,Seldom,28169.29,4
Beryle,Blue,47,4,bblueo0@technorati.com,Design Engineer,false,false,Yearly,30271.44,4
Agustin,Rosell,52,4,arosello1@cargocollective.com,Clinical Specialist,false,false,Often,26192.67,4
Alvis,Glavin,47,2,aglavino2@cyberchimps.com,Registered Nurse,true,false,Often,33382.84,1
Karleen,Bell,56,1,kbello3@disqus.com,Food Chemist,false,false,Never,34658.29,1
Ronna,Duckfield,41,0,rduckfieldo4@delicious.com,Budget/Accounting Analyst IV,false,true,Monthly,31188.47,3
Nealon,Mungin,47,4,nmungino5@deviantart.com,GIS Technical Architect,false,false,Monthly,25708.71,2
Fabio,Correa,53,2,fcorreao6@va.gov,Media Manager I,true,false,Never,29404.35,1
Genvieve,Carleman,48,2,gcarlemano7@rakuten.co.jp,Health Coach III,false,false,Monthly,27315.27,2
Ariadne,Pifford,58,2,apiffordo8@1und1.de,Librarian,true,false,Daily,29063.07,1
Balduin,Bloschke,43,4,bbloschkeo9@scribd.com,Cost Accountant,true,false,Seldom,39785.63,5
Sheela,Purchon,47,1,spurchonoa@sciencedaily.com,Analog Circuit Design manager,true,true,Yearly,27815.25,4
Bonita,Northridge,32,1,bnorthridgeob@cnbc.com,Database Administrator I,true,true,Once,36348.88,3
Cherin,Di Filippo,48,2,cdifilippooc@dailymail.co.uk,Safety Technician I,false,false,Yearly,34173.18,3
Karalee,Peverell,46,3,kpeverellod@princeton.edu,Staff Accountant IV,true,false,Once,24628.45,4
Kym,Mushet,36,3,kmushetoe@tuttocitta.it,Help Desk Technician,true,false,Often,34593.76,4
Carla,Iddins,53,2,ciddinsof@umich.edu,Office Assistant I,false,true,Never,34401.12,4
Colas,Pawden,55,1,cpawdenog@facebook.com,Geologist II,true,true,Seldom,28849.13,5
Cari,Gudeman,28,0,cgudemanoh@loc.gov,Help Desk Operator,true,false,Daily,35875.2,2
Paten,Othick,58,0,pothickoi@accuweather.com,General Manager,true,true,Seldom,30019.57,3
Connie,Gutcher,61,1,cgutcheroj@hc360.com,Health Coach III,false,false,Once,24842.32,5
Selie,Darville,35,1,sdarvilleok@eepurl.com,Dental Hygienist,true,true,Weekly,26794.63,4
Lethia,Kingsly,33,4,lkingslyol@gizmodo.com,Web Designer I,true,true,Monthly,31419.31,1
Hashim,Roger,49,1,hrogerom@yellowbook.com,Accountant IV,true,false,Weekly,24049.91,4
Obadias,Speed,53,2,ospeedon@stanford.edu,Legal Assistant,true,true,Once,27697.62,1
Lorna,Penning,34,0,lpenningoo@furl.net,Marketing Assistant,true,true,Once,26749.04,5
Ethe,Chansonne,51,4,echansonneop@shinystat.com,Office Assistant II,false,false,Daily,30662.5,2
Derril,Janaud,55,4,djanaudoq@tinypic.com,Cost Accountant,false,true,Once,31561.74,1
Germain,Birmingham,25,3,gbirminghamor@prlog.org,Marketing Assistant,true,false,Yearly,28909.87,3
Fanechka,Wretham,30,1,fwrethamos@cloudflare.com,Occupational Therapist,true,false,Once,37299.09,2
Samuele,Busen,41,4,sbusenot@ustream.tv,Social Worker,true,true,Weekly,35315.04,2
Decca,Knowller,31,1,dknowllerou@diigo.com,Financial Analyst,true,true,Once,32725.8,5
Magdaia,Lorenzo,58,2,mlorenzoov@free.fr,Senior Sales Associate,false,false,Seldom,21267.76,4
Kirk,Hrishchenko,40,3,khrishchenkoow@nasa.gov,Electrical Engineer,false,false,Once,33947.27,5
Shelley,Talmadge,53,0,stalmadgeox@salon.com,GIS Technical Architect,true,true,Often,30471.12,1
Ardyce,Sibary,63,0,asibaryoy@cnbc.com,Information Systems Manager,false,false,Never,31414.0,1
Ly,Hoy,36,2,lhoyoz@who.int,Design Engineer,true,true,Yearly,28036.77,5
Noami,Duiguid,37,2,nduiguidp0@dailymotion.com,Senior Editor,true,false,Never,26684.06,2
Kristy,Probert,46,3,kprobertp1@comsenz.com,Quality Control Specialist,true,false,Never,29214.85,2
Natal,Tong,29,0,ntongp2@amazonaws.com,Graphic Designer,false,true,Weekly,35278.3,3
Alic,Kroch,56,1,akrochp3@microsoft.com,Project Manager,true,false,Yearly,38503.66,2
Madge,Romeril,28,0,mromerilp4@ihg.com,Mechanical Systems Engineer,true,false,Daily,35070.58,1
Siegfried,Dongles,35,4,sdonglesp5@xinhuanet.com,VP Product Management,true,false,Never,26275.94,3
Wake,Font,39,1,wfontp6@yandex.ru,Financial Advisor,true,false,Weekly,27657.84,4
Montague,Cheel,26,1,mcheelp7@mozilla.com,Analyst Programmer,true,false,Yearly,27594.88,2
Maggi,Mangham,54,3,mmanghamp8@xinhuanet.com,Safety Technician IV,true,false,Yearly,30202.0,2
Clemmie,Docket,55,0,cdocketp9@nsw.gov.au,Quality Control Specialist,false,true,Weekly,34870.15,3
Bobbie,Di Bartolomeo,56,0,bdibartolomeopa@netvibes.com,Recruiter,false,true,Monthly,28368.85,4
Cece,Bracher,30,0,cbracherpb@cocolog-nifty.com,Chemical Engineer,true,true,Seldom,35775.51,4
Juliane,Itchingham,26,1,jitchinghampc@shop-pro.jp,Programmer Analyst I,false,false,Never,31419.24,1
Mireielle,Caso,58,2,mcasopd@nationalgeographic.com,General Manager,false,true,Never,24550.28,5
Waiter,Dannehl,63,3,wdannehlpe@mozilla.com,Nuclear Power Engineer,false,true,Daily,24493.31,5
Quinn,Huddles,63,0,qhuddlespf@who.int,Registered Nurse,false,true,Often,29032.47,4
Willey,Zambonini,33,0,wzamboninipg@imageshack.us,Web Designer IV,false,true,Monthly,39725.27,2
Joel,Carbine,37,2,jcarbineph@wisc.edu,Account Coordinator,false,false,Weekly,32293.37,3
Royall,Jachimiak,59,3,rjachimiakpi@canalblog.com,Software Engineer I,true,false,Never,29417.31,5
Torey,Peaker,63,0,tpeakerpj@cmu.edu,Statistician IV,false,false,Weekly,34787.2,5
Mady,Abramovici,50,0,mabramovicipk@booking.com,Business Systems Development Analyst,false,false,Weekly,33985.31,2
Kattie,Worsnip,35,1,kworsnippl@loc.gov,Tax Accountant,true,true,Once,29868.14,5
Christian,Walsh,34,4,cwalshpm@squidoo.com,Senior Cost Accountant,true,false,Never,28878.02,5
Hal,Woodman,33,1,hwoodmanpn@hugedomains.com,Budget/Accounting Analyst IV,false,false,Once,32963.64,4
Dorrie,Spikings,53,2,dspikingspo@themeforest.net,Associate Professor,true,true,Weekly,28042.94,2
Abigail,Campey,33,2,acampeypp@tiny.cc,Graphic Designer,true,false,Once,31004.21,4
Konstantine,Elsip,30,1,kelsippq@nba.com,Structural Engineer,false,true,Weekly,31477.89,2
Arlen,Ivanitsa,60,2,aivanitsapr@dell.com,Statistician IV,false,false,Seldom,28857.14,2
Any,Antoinet,58,4,aantoinetps@instagram.com,Chemical Engineer,true,true,Weekly,27739.29,2
Wynne,Keary,55,0,wkearypt@delicious.com,Budget/Accounting Analyst II,false,true,Seldom,23566.95,4
Lilla,Leivesley,31,4,lleivesleypu@unc.edu,Health Coach III,false,false,Yearly,32254.65,4
Darrick,Warburton,56,3,dwarburtonpv@slate.com,Executive Secretary,false,false,Never,36577.9,2
Brigida,Fluck,41,0,bfluckpw@bravesites.com,Human Resources Manager,true,true,Weekly,28457.02,4
Huntlee,Jakubovsky,59,2,hjakubovskypx@psu.edu,VP Product Management,false,false,Daily,28531.98,3
Denni,Mullinger,51,1,dmullingerpy@joomla.org,Health Coach II,true,false,Seldom,35537.99,5
Susanetta,Beacham,33,4,sbeachampz@rediff.com,Assistant Manager,false,false,Yearly,26222.21,2
Geralda,Kitchenside,26,2,gkitchensideq0@bandcamp.com,Executive Secretary,false,true,Monthly,25442.71,5
Jerrie,Gillatt,52,0,jgillattq1@google.pl,Teacher,false,false,Weekly,24726.1,2
Padraig,Gamil,28,2,pgamilq2@cbsnews.com,Quality Control Specialist,true,true,Seldom,31575.65,3
Tome,Cadore,45,0,tcadoreq3@va.gov,Assistant Manager,false,true,Often,34682.34,1
Elbert,Kembrey,59,2,ekembreyq4@google.fr,Administrative Assistant III,false,true,Once,30498.82,5
Tilly,Lawrance,61,3,tlawranceq5@netscape.com,Professor,true,false,Yearly,32151.65,1
Karin,Fenning,65,2,kfenningq6@example.com,Geologist I,false,true,Seldom,27075.5,1
Martyn,Arbor,42,1,marborq7@vimeo.com,Graphic Designer,false,true,Yearly,31077.55,1
Cesare,Bagnold,30,1,cbagnoldq8@ft.com,Librarian,false,true,Weekly,25286.08,1
Aurelie,Marusyak,42,4,amarusyakq9@baidu.com,Sales Associate,false,true,Weekly,34137.77,3
Maye,Wray,56,3,mwrayqa@domainmarket.com,Paralegal,false,true,Once,31897.88,5
Delores,Copnell,61,3,dcopnellqb@unesco.org,Analyst Programmer,true,true,Monthly,37929.77,4
Lanette,Turvey,35,1,lturveyqc@4shared.com,Assistant Media Planner,false,false,Yearly,35010.73,1
Danya,Vargas,50,4,dvargasqd@printfriendly.com,Senior Sales Associate,true,true,Yearly,40086.08,5
Serena,Pentin,35,3,spentinqe@flickr.com,Safety Technician III,true,true,Yearly,23746.77,2
Wallace,Drinkall,52,1,wdrinkallqf@google.com.br,VP Sales,true,true,Monthly,36654.32,3
Shelton,Lush,53,1,slushqg@usda.gov,Assistant Professor,true,false,Monthly,34112.68,4
Albertine,Wythe,43,4,awytheqh@cbslocal.com,Professor,true,true,Daily,34211.05,5
Nona,Trathan,58,0,ntrathanqi@wikispaces.com,Senior Financial Analyst,false,true,Yearly,35468.72,1
Leanor,Ledwich,63,3,lledwichqj@bloglines.com,Assistant Professor,true,true,Monthly,30690.8,4
Eba,Reaper,42,3,ereaperqk@fotki.com,Marketing Assistant,true,false,Monthly,26684.76,3
Tate,Etchells,25,1,tetchellsql@xrea.com,Chief Design Engineer,true,false,Daily,27102.98,5
Brent,Sperring,55,4,bsperringqm@github.com,Nuclear Power Engineer,false,false,Daily,18489.12,5
Melodee,Chisholme,44,2,mchisholmeqn@reddit.com,Registered Nurse,false,true,Weekly,39098.26,1
Bernete,Pampling,49,1,bpamplingqo@economist.com,Account Coordinator,true,false,Seldom,30362.92,4
Zed,Osgarby,52,3,zosgarbyqp@wordpress.org,Chief Design Engineer,true,false,Daily,27436.76,5
Delphine,Brickner,63,4,dbricknerqq@wordpress.com,Information Systems Manager,true,true,Once,30979.16,3
Emma,Keenan,38,4,ekeenanqr@msu.edu,Assistant Professor,true,false,Weekly,20078.51,3
Desmond,Neiland,58,2,dneilandqs@google.ca,Data Coordiator,false,false,Weekly,40214.54,2
Nanon,Prantoni,60,1,nprantoniqt@theglobeandmail.com,Clinical Specialist,true,false,Never,34173.85,5
Ignacio,Mager,41,3,imagerqu@yahoo.com,Account Coordinator,false,true,Often,28940.4,1
Cecilla,Hirtz,48,2,chirtzqv@friendfeed.com,Administrative Officer,true,false,Yearly,22311.58,1
Maxie,Gasperi,46,4,mgasperiqw@about.com,Chemical Engineer,true,false,Once,28787.73,1
Ely,Bartalini,42,0,ebartaliniqx@dell.com,Senior Quality Engineer,false,true,Monthly,35618.03,2
Clarie,Ludwig,52,4,cludwigqy@un.org,Accountant I,true,true,Monthly,25705.06,1
Godfree,McCormack,26,1,gmccormackqz@go.com,Analyst Programmer,false,true,Daily,21151.57,4
Alec,Whitcomb,44,2,awhitcombr0@bbc.co.uk,Dental Hygienist,false,true,Seldom,22362.33,4
Marjorie,Polhill,62,2,mpolhillr1@upenn.edu,Developer III,false,false,Often,31316.34,4
Inessa,Baden,65,1,ibadenr2@people.com.cn,Administrative Assistant III,true,false,Weekly,24760.54,1
Hewie,Lansberry,29,2,hlansberryr3@china.com.cn,VP Quality Control,true,true,Seldom,29286.52,4
Joachim,Ditzel,49,4,jditzelr4@list-manage.com,Tax Accountant,true,false,Weekly,30958.74,1
Michaella,Allery,51,1,malleryr5@upenn.edu,Nurse Practicioner,false,false,Yearly,31249.62,4
Lyndell,Ibert,31,4,libertr6@multiply.com,Account Representative II,true,true,Monthly,35013.6,2
Klarika,Day,36,3,kdayr7@icq.com,Accounting Assistant III,true,true,Never,27317.96,1
Trudey,Pearcey,40,0,tpearceyr8@scientificamerican.com,Research Associate,true,true,Monthly,34689.04,4
Madonna,Lempenny,50,2,mlempennyr9@fda.gov,Pharmacist,true,false,Often,30268.18,3
Alyda,Luxton,38,4,aluxtonra@illinois.edu,Financial Analyst,true,false,Once,36132.94,4
Grannie,Izzat,54,4,gizzatrb@paginegialle.it,Senior Developer,false,false,Once,41207.86,4
Ric,Cuttell,33,0,rcuttellrc@tmall.com,Human Resources Manager,true,true,Monthly,34554.42,1
Cherri,Schusterl,44,0,cschusterlrd@gmpg.org,Human Resources Manager,true,false,Often,25179.42,5
Perkin,Keoghane,33,1,pkeoghanere@ehow.com,VP Quality Control,false,false,Weekly,42262.0,3
Marjy,Loffel,59,4,mloffelrf@telegraph.co.uk,Nurse,false,true,Once,22836.79,3
Kirby,Owen,47,3,kowenrg@yahoo.com,Actuary,true,true,Monthly,26465.86,3
Daile,Kinnier,28,2,dkinnierrh@zdnet.com,VP Accounting,false,false,Weekly,31516.12,1
Kym,Woolcocks,41,1,kwoolcocksri@kickstarter.com,Environmental Specialist,true,false,Weekly,41366.23,1
Ashli,Leppington,57,2,aleppingtonrj@parallels.com,Help Desk Operator,true,true,Monthly,21220.69,4
Marc,Elcy,41,4,melcyrk@earthlink.net,Programmer II,false,true,Weekly,30002.97,4
Etti,Coverley,38,2,ecoverleyrl@cmu.edu,Operator,true,true,Often,26791.24,5
Clemens,Jolliman,43,3,cjollimanrm@blogspot.com,Analog Circuit Design manager,true,false,Daily,21475.89,2
Nancy,Scadden,41,3,nscaddenrn@umn.edu,Food Chemist,false,true,Once,37238.72,1
Reese,Brabon,59,4,rbrabonro@bizjournals.com,Nurse,true,false,Once,31022.55,3
Karyl,Latchford,46,1,klatchfordrp@yahoo.com,Food Chemist,false,false,Seldom,23185.61,5
Weider,Sirmon,37,0,wsirmonrq@topsy.com,Senior Financial Analyst,true,true,Once,29032.95,4
Maudie,McLellan,30,0,mmclellanrr@google.nl,Programmer Analyst I,true,true,Seldom,28544.56,3
